时间,开盘,收盘,最高,最低,成交量,成交额,均价
2025-01-20 09:30:00,0.0,0.61,0.61,0.61,424515,25895415.0,0.61
2025-01-20 09:31:00,0.0,0.612,0.613,0.61,1407380,86055397.0,0.6111
2025-01-20 09:32:00,0.0,0.612,0.613,0.612,332985,20392445.0,0.6113
2025-01-20 09:33:00,0.0,0.612,0.614,0.612,1058334,64831214.0,0.6117
2025-01-20 09:34:00,0.0,0.612,0.613,0.612,839947,51456540.0,0.6119
2025-01-20 09:35:00,0.0,0.612,0.613,0.612,487096,29851853.0,0.612
2025-01-20 09:36:00,0.0,0.612,0.613,0.612,1271094,77916741.0,0.6122
2025-01-20 09:37:00,0.0,0.611,0.612,0.611,381296,23324539.0,0.6122
2025-01-20 09:38:00,0.0,0.611,0.612,0.611,437351,26727937.0,0.6121
2025-01-20 09:39:00,0.0,0.612,0.613,0.611,780769,47784434.0,0.6121
2025-01-20 09:40:00,0.0,0.612,0.613,0.612,327357,20038278.0,0.6121
2025-01-20 09:41:00,0.0,0.611,0.613,0.611,509294,31156191.0,0.6121
2025-01-20 09:42:00,0.0,0.611,0.611,0.61,368254,22500356.0,0.612
2025-01-20 09:43:00,0.0,0.611,0.611,0.61,417228,25489163.0,0.612
2025-01-20 09:44:00,0.0,0.611,0.612,0.611,65060,3977377.0,0.612
2025-01-20 09:45:00,0.0,0.612,0.612,0.611,659976,40387642.0,0.612
2025-01-20 09:46:00,0.0,0.613,0.613,0.612,798303,48935813.0,0.6121
2025-01-20 09:47:00,0.0,0.614,0.614,0.613,1162552,71340048.0,0.6122
2025-01-20 09:48:00,0.0,0.616,0.617,0.614,1159161,71332163.0,0.6125
2025-01-20 09:49:00,0.0,0.615,0.617,0.615,717424,44195489.0,0.6127
2025-01-20 09:50:00,0.0,0.616,0.616,0.615,654154,40293996.0,0.6128
2025-01-20 09:51:00,0.0,0.616,0.617,0.615,235129,14481873.0,0.6129
2025-01-20 09:52:00,0.0,0.616,0.617,0.615,528769,32572838.0,0.613
2025-01-20 09:53:00,0.0,0.616,0.616,0.615,271047,16691375.0,0.6131
2025-01-20 09:54:00,0.0,0.615,0.616,0.615,423077,26057707.0,0.6131
2025-01-20 09:55:00,0.0,0.615,0.616,0.615,725262,44674213.0,0.6133
2025-01-20 09:56:00,0.0,0.615,0.616,0.615,227249,13993181.0,0.6133
2025-01-20 09:57:00,0.0,0.615,0.616,0.615,354930,21828655.0,0.6133
2025-01-20 09:58:00,0.0,0.615,0.615,0.614,297704,18304543.0,0.6133
2025-01-20 09:59:00,0.0,0.614,0.615,0.613,512717,31480861.0,0.6134
2025-01-20 10:00:00,0.0,0.615,0.615,0.614,485257,29842105.0,0.6134
2025-01-20 10:01:00,0.0,0.615,0.616,0.614,348970,21461948.0,0.6134
2025-01-20 10:02:00,0.0,0.615,0.615,0.614,189500,11653124.0,0.6135
2025-01-20 10:03:00,0.0,0.615,0.616,0.615,524852,32278580.0,0.6135
2025-01-20 10:04:00,0.0,0.615,0.615,0.614,218430,13433476.0,0.6135
2025-01-20 10:05:00,0.0,0.615,0.616,0.615,53170,3271390.0,0.6135
2025-01-20 10:06:00,0.0,0.614,0.616,0.614,175397,10785155.0,0.6135
2025-01-20 10:07:00,0.0,0.613,0.615,0.613,340553,20910031.0,0.6135
2025-01-20 10:08:00,0.0,0.614,0.614,0.613,249997,15347113.0,0.6135
2025-01-20 10:09:00,0.0,0.613,0.615,0.613,93602,5745621.0,0.6135
2025-01-20 10:10:00,0.0,0.613,0.614,0.613,83681,5129983.0,0.6135
2025-01-20 10:11:00,0.0,0.614,0.614,0.613,91795,5628480.0,0.6135
2025-01-20 10:12:00,0.0,0.613,0.614,0.613,126276,7751790.0,0.6135
2025-01-20 10:13:00,0.0,0.615,0.615,0.613,345561,21218943.0,0.6136
2025-01-20 10:14:00,0.0,0.614,0.615,0.614,19212,1180259.0,0.6136
2025-01-20 10:15:00,0.0,0.615,0.615,0.614,129580,7967565.0,0.6136
2025-01-20 10:16:00,0.0,0.616,0.616,0.614,473740,29132593.0,0.6136
2025-01-20 10:17:00,0.0,0.615,0.615,0.615,365300,22466227.0,0.6136
2025-01-20 10:18:00,0.0,0.615,0.616,0.615,21741,1338451.0,0.6136
2025-01-20 10:19:00,0.0,0.617,0.617,0.615,617215,38031877.0,0.6137
2025-01-20 10:20:00,0.0,0.616,0.618,0.616,883899,54519055.0,0.6138
2025-01-20 10:21:00,0.0,0.617,0.617,0.616,62762,3867498.0,0.6138
2025-01-20 10:22:00,0.0,0.617,0.617,0.616,118698,7321139.0,0.6138
2025-01-20 10:23:00,0.0,0.616,0.617,0.616,85595,5272964.0,0.6138
2025-01-20 10:24:00,0.0,0.617,0.617,0.616,150478,9269715.0,0.6138
2025-01-20 10:25:00,0.0,0.617,0.617,0.616,284045,17524562.0,0.6139
2025-01-20 10:26:00,0.0,0.618,0.618,0.617,393557,24283335.0,0.6139
2025-01-20 10:27:00,0.0,0.618,0.618,0.617,50221,3103092.0,0.6139
2025-01-20 10:28:00,0.0,0.617,0.618,0.617,45877,2832859.0,0.6139
2025-01-20 10:29:00,0.0,0.617,0.618,0.617,68199,4210343.0,0.614
2025-01-20 10:30:00,0.0,0.619,0.619,0.617,574203,35486896.0,0.614
2025-01-20 10:31:00,0.0,0.619,0.62,0.619,616130,38141327.0,0.6142
2025-01-20 10:32:00,0.0,0.621,0.621,0.619,538452,33387131.0,0.6143
2025-01-20 10:33:00,0.0,0.62,0.622,0.62,475256,29515231.0,0.6144
2025-01-20 10:34:00,0.0,0.62,0.621,0.62,441004,27343972.0,0.6145
2025-01-20 10:35:00,0.0,0.62,0.621,0.62,91761,5691452.0,0.6145
2025-01-20 10:36:00,0.0,0.62,0.621,0.62,158421,9823782.0,0.6145
2025-01-20 10:37:00,0.0,0.62,0.621,0.619,544208,33741636.0,0.6146
2025-01-20 10:38:00,0.0,0.619,0.62,0.619,347630,21551043.0,0.6147
2025-01-20 10:39:00,0.0,0.619,0.62,0.619,426790,26418756.0,0.6148
2025-01-20 10:40:00,0.0,0.618,0.619,0.618,307222,19012617.0,0.6148
2025-01-20 10:41:00,0.0,0.618,0.619,0.617,373967,23111093.0,0.6149
2025-01-20 10:42:00,0.0,0.616,0.618,0.616,207305,12790118.0,0.6149
2025-01-20 10:43:00,0.0,0.616,0.617,0.616,606887,37385617.0,0.6149
2025-01-20 10:44:00,0.0,0.616,0.617,0.616,277772,17134022.0,0.6149
2025-01-20 10:45:00,0.0,0.617,0.618,0.617,394214,24325094.0,0.6149
2025-01-20 10:46:00,0.0,0.618,0.618,0.617,171601,10589431.0,0.615
2025-01-20 10:47:00,0.0,0.617,0.617,0.616,166083,10247217.0,0.615
2025-01-20 10:48:00,0.0,0.617,0.617,0.616,65581,4046412.0,0.615
2025-01-20 10:49:00,0.0,0.617,0.618,0.617,36906,2277653.0,0.615
2025-01-20 10:50:00,0.0,0.617,0.618,0.616,193459,11936423.0,0.615
2025-01-20 10:51:00,0.0,0.615,0.617,0.615,550910,33935660.0,0.615
2025-01-20 10:52:00,0.0,0.615,0.615,0.615,344773,21205628.0,0.615
2025-01-20 10:53:00,0.0,0.616,0.616,0.615,278838,17172623.0,0.615
2025-01-20 10:54:00,0.0,0.617,0.617,0.615,157947,9729477.0,0.615
2025-01-20 10:55:00,0.0,0.616,0.617,0.616,135064,8321134.0,0.615
2025-01-20 10:56:00,0.0,0.617,0.617,0.616,45011,2776564.0,0.615
2025-01-20 10:57:00,0.0,0.616,0.617,0.616,27616,1702295.0,0.615
2025-01-20 10:58:00,0.0,0.616,0.617,0.616,22962,1415705.0,0.615
2025-01-20 10:59:00,0.0,0.616,0.617,0.616,34875,2150416.0,0.615
2025-01-20 11:00:00,0.0,0.616,0.617,0.615,398167,24527161.0,0.615
2025-01-20 11:01:00,0.0,0.615,0.616,0.615,179701,11066446.0,0.615
2025-01-20 11:02:00,0.0,0.616,0.616,0.615,259418,15978741.0,0.615
2025-01-20 11:03:00,0.0,0.615,0.616,0.615,30105,1852853.0,0.615
2025-01-20 11:04:00,0.0,0.615,0.615,0.614,252326,15518758.0,0.615
2025-01-20 11:05:00,0.0,0.614,0.615,0.614,326864,20096129.0,0.615
2025-01-20 11:06:00,0.0,0.615,0.616,0.614,149116,9169443.0,0.615
2025-01-20 11:07:00,0.0,0.616,0.617,0.615,204027,12567005.0,0.615
2025-01-20 11:08:00,0.0,0.617,0.617,0.616,279138,17196347.0,0.6151
2025-01-20 11:09:00,0.0,0.616,0.617,0.616,18581,1146031.0,0.6151
2025-01-20 11:10:00,0.0,0.617,0.617,0.616,40015,2468169.0,0.6151
2025-01-20 11:11:00,0.0,0.616,0.617,0.616,25473,1570946.0,0.6151
2025-01-20 11:12:00,0.0,0.616,0.617,0.616,50026,3083614.0,0.6151
2025-01-20 11:13:00,0.0,0.616,0.617,0.616,35018,2159256.0,0.6151
2025-01-20 11:14:00,0.0,0.617,0.617,0.616,259870,16033561.0,0.6151
2025-01-20 11:15:00,0.0,0.618,0.618,0.617,227468,14036773.0,0.6151
2025-01-20 11:16:00,0.0,0.617,0.618,0.617,187036,11541142.0,0.6151
2025-01-20 11:17:00,0.0,0.618,0.618,0.617,62844,3877918.0,0.6151
2025-01-20 11:18:00,0.0,0.617,0.618,0.617,32721,2020974.0,0.6151
2025-01-20 11:19:00,0.0,0.617,0.618,0.617,29020,1792568.0,0.6151
2025-01-20 11:20:00,0.0,0.618,0.618,0.617,20158,1244814.0,0.6151
2025-01-20 11:21:00,0.0,0.617,0.618,0.617,36276,2240994.0,0.6151
2025-01-20 11:22:00,0.0,0.617,0.618,0.617,66409,4099517.0,0.6151
2025-01-20 11:23:00,0.0,0.618,0.618,0.617,23922,1477613.0,0.6151
2025-01-20 11:24:00,0.0,0.618,0.618,0.617,25144,1552453.0,0.6151
2025-01-20 11:25:00,0.0,0.618,0.618,0.617,28589,1765962.0,0.6151
2025-01-20 11:26:00,0.0,0.617,0.618,0.617,19901,1229058.0,0.6151
2025-01-20 11:27:00,0.0,0.617,0.618,0.617,30869,1906703.0,0.6151
2025-01-20 11:28:00,0.0,0.618,0.619,0.617,581906,35962694.0,0.6152
2025-01-20 11:29:00,0.0,0.618,0.618,0.617,168619,10420587.0,0.6152
2025-01-20 11:30:00,0.0,0.618,0.619,0.618,59402,3676263.0,0.6152
2025-01-20 13:01:00,0.0,0.619,0.62,0.619,1141711,70750775.0,0.6153
2025-01-20 13:02:00,0.0,0.619,0.62,0.619,34972,2165008.0,0.6153
2025-01-20 13:03:00,0.0,0.619,0.62,0.619,631399,39084210.0,0.6154
2025-01-20 13:04:00,0.0,0.619,0.62,0.619,278926,17266835.0,0.6154
2025-01-20 13:05:00,0.0,0.619,0.62,0.619,12943,801437.0,0.6154
2025-01-20 13:06:00,0.0,0.619,0.62,0.619,208199,12887496.0,0.6154
2025-01-20 13:07:00,0.0,0.618,0.619,0.618,158560,9814448.0,0.6154
2025-01-20 13:08:00,0.0,0.619,0.62,0.619,175709,10876411.0,0.6155
2025-01-20 13:09:00,0.0,0.619,0.62,0.619,12878,797537.0,0.6155
2025-01-20 13:10:00,0.0,0.62,0.62,0.619,12781,791387.0,0.6155
2025-01-20 13:11:00,0.0,0.619,0.62,0.619,18803,1164061.0,0.6155
2025-01-20 13:12:00,0.0,0.619,0.62,0.619,29205,1809217.0,0.6155
2025-01-20 13:13:00,0.0,0.62,0.62,0.619,354324,21964407.0,0.6155
2025-01-20 13:14:00,0.0,0.62,0.62,0.619,16871,1045529.0,0.6155
2025-01-20 13:15:00,0.0,0.621,0.621,0.619,256562,15905901.0,0.6155
2025-01-20 13:16:00,0.0,0.62,0.621,0.62,23062,1430816.0,0.6155
2025-01-20 13:17:00,0.0,0.622,0.622,0.62,517037,32106530.0,0.6156
2025-01-20 13:18:00,0.0,0.621,0.622,0.621,680727,42275767.0,0.6157
2025-01-20 13:19:00,0.0,0.62,0.621,0.62,74959,4654583.0,0.6157
2025-01-20 13:20:00,0.0,0.621,0.622,0.62,267045,16583433.0,0.6157
2025-01-20 13:21:00,0.0,0.62,0.621,0.62,177714,11035929.0,0.6158
2025-01-20 13:22:00,0.0,0.622,0.622,0.62,79667,4948196.0,0.6158
2025-01-20 13:23:00,0.0,0.622,0.623,0.621,561949,34952180.0,0.6158
2025-01-20 13:24:00,0.0,0.622,0.623,0.621,260273,16189913.0,0.6159
2025-01-20 13:25:00,0.0,0.621,0.622,0.621,26382,1639775.0,0.6159
2025-01-20 13:26:00,0.0,0.622,0.623,0.621,595049,37012078.0,0.616
2025-01-20 13:27:00,0.0,0.622,0.622,0.621,28573,1776058.0,0.616
2025-01-20 13:28:00,0.0,0.62,0.622,0.62,280346,17410127.0,0.616
2025-01-20 13:29:00,0.0,0.621,0.621,0.62,502902,31229207.0,0.6161
2025-01-20 13:30:00,0.0,0.621,0.622,0.621,114193,7091802.0,0.6161
2025-01-20 13:31:00,0.0,0.621,0.622,0.621,81875,5091408.0,0.6161
2025-01-20 13:32:00,0.0,0.621,0.622,0.621,13944,866803.0,0.6161
2025-01-20 13:33:00,0.0,0.621,0.622,0.621,26521,1647062.0,0.6161
2025-01-20 13:34:00,0.0,0.621,0.621,0.621,31705,1971030.0,0.6161
2025-01-20 13:35:00,0.0,0.622,0.623,0.621,354318,22039420.0,0.6161
2025-01-20 13:36:00,0.0,0.621,0.623,0.621,182456,11348940.0,0.6162
2025-01-20 13:37:00,0.0,0.622,0.623,0.622,343871,21388819.0,0.6162
2025-01-20 13:38:00,0.0,0.622,0.623,0.622,22737,1414310.0,0.6162
2025-01-20 13:39:00,0.0,0.621,0.622,0.621,419895,26114787.0,0.6163
2025-01-20 13:40:00,0.0,0.621,0.622,0.621,13033,809707.0,0.6163
2025-01-20 13:41:00,0.0,0.621,0.622,0.621,379454,23564159.0,0.6163
2025-01-20 13:42:00,0.0,0.622,0.622,0.621,52436,3256316.0,0.6163
2025-01-20 13:43:00,0.0,0.621,0.622,0.621,11072,687787.0,0.6163
2025-01-20 13:44:00,0.0,0.621,0.622,0.621,20929,1299740.0,0.6163
2025-01-20 13:45:00,0.0,0.621,0.622,0.621,19652,1220475.0,0.6163
2025-01-20 13:46:00,0.0,0.621,0.622,0.621,14386,893739.0,0.6163
2025-01-20 13:47:00,0.0,0.621,0.622,0.621,24526,1523077.0,0.6163
2025-01-20 13:48:00,0.0,0.62,0.621,0.62,453089,28104347.0,0.6163
2025-01-20 13:49:00,0.0,0.62,0.62,0.62,78758,4883007.0,0.6164
2025-01-20 13:50:00,0.0,0.62,0.621,0.62,215094,13335882.0,0.6164
2025-01-20 13:51:00,0.0,0.621,0.621,0.62,26658,1653441.0,0.6164
2025-01-20 13:52:00,0.0,0.62,0.621,0.62,24716,1533522.0,0.6164
2025-01-20 13:53:00,0.0,0.62,0.621,0.62,28329,1756459.0,0.6164
2025-01-20 13:54:00,0.0,0.619,0.62,0.619,96162,5961797.0,0.6164
2025-01-20 13:55:00,0.0,0.619,0.619,0.619,38825,2403282.0,0.6164
2025-01-20 13:56:00,0.0,0.62,0.62,0.619,187268,11610360.0,0.6164
2025-01-20 13:57:00,0.0,0.619,0.62,0.619,12490,773572.0,0.6164
2025-01-20 13:58:00,0.0,0.619,0.62,0.619,11276,698115.0,0.6164
2025-01-20 13:59:00,0.0,0.618,0.619,0.618,152328,9428992.0,0.6164
2025-01-20 14:00:00,0.0,0.619,0.62,0.618,140432,8693993.0,0.6164
2025-01-20 14:01:00,0.0,0.62,0.62,0.619,269086,16683131.0,0.6164
2025-01-20 14:02:00,0.0,0.619,0.62,0.619,4402,272804.0,0.6164
2025-01-20 14:03:00,0.0,0.619,0.62,0.619,21778,1349547.0,0.6164
2025-01-20 14:04:00,0.0,0.62,0.62,0.619,132198,8195795.0,0.6164
2025-01-20 14:05:00,0.0,0.619,0.62,0.619,23307,1444127.0,0.6165
2025-01-20 14:06:00,0.0,0.618,0.62,0.618,279979,17331101.0,0.6165
2025-01-20 14:07:00,0.0,0.618,0.618,0.618,259396,16030738.0,0.6165
2025-01-20 14:08:00,0.0,0.617,0.618,0.617,53460,3299095.0,0.6165
2025-01-20 14:09:00,0.0,0.617,0.618,0.617,31425,1939368.0,0.6165
2025-01-20 14:10:00,0.0,0.618,0.619,0.617,482782,29835821.0,0.6165
2025-01-20 14:11:00,0.0,0.617,0.618,0.617,21136,1305252.0,0.6165
2025-01-20 14:12:00,0.0,0.618,0.618,0.617,142981,8835210.0,0.6165
2025-01-20 14:13:00,0.0,0.618,0.618,0.617,453695,28020602.0,0.6165
2025-01-20 14:14:00,0.0,0.617,0.618,0.617,11302,697718.0,0.6165
2025-01-20 14:15:00,0.0,0.617,0.618,0.617,277947,17150997.0,0.6165
2025-01-20 14:16:00,0.0,0.617,0.618,0.617,143445,8850833.0,0.6165
2025-01-20 14:17:00,0.0,0.617,0.618,0.617,176878,10913409.0,0.6165
2025-01-20 14:18:00,0.0,0.617,0.618,0.617,272642,16848300.0,0.6165
2025-01-20 14:19:00,0.0,0.617,0.618,0.617,232377,14358835.0,0.6165
2025-01-20 14:20:00,0.0,0.617,0.618,0.617,44442,2742217.0,0.6165
2025-01-20 14:21:00,0.0,0.616,0.617,0.616,171508,10580503.0,0.6165
2025-01-20 14:22:00,0.0,0.616,0.617,0.616,55660,3428779.0,0.6165
2025-01-20 14:23:00,0.0,0.617,0.617,0.616,67133,4139482.0,0.6165
2025-01-20 14:24:00,0.0,0.616,0.617,0.616,13814,851290.0,0.6165
2025-01-20 14:25:00,0.0,0.617,0.617,0.616,151967,9375076.0,0.6165
2025-01-20 14:26:00,0.0,0.617,0.617,0.617,263268,16242242.0,0.6165
2025-01-20 14:27:00,0.0,0.616,0.617,0.616,47338,2919513.0,0.6165
2025-01-20 14:28:00,0.0,0.616,0.617,0.616,9767,601669.0,0.6165
2025-01-20 14:29:00,0.0,0.616,0.617,0.616,46677,2877016.0,0.6165
2025-01-20 14:30:00,0.0,0.616,0.617,0.616,16965,1045647.0,0.6165
2025-01-20 14:31:00,0.0,0.616,0.617,0.616,416471,25695803.0,0.6165
2025-01-20 14:32:00,0.0,0.617,0.617,0.616,19390,1194745.0,0.6165
2025-01-20 14:33:00,0.0,0.617,0.617,0.616,81166,5000002.0,0.6165
2025-01-20 14:34:00,0.0,0.616,0.617,0.616,4598,283443.0,0.6165
2025-01-20 14:35:00,0.0,0.615,0.617,0.615,395522,24361775.0,0.6165
2025-01-20 14:36:00,0.0,0.615,0.615,0.614,547006,33640832.0,0.6165
2025-01-20 14:37:00,0.0,0.615,0.616,0.614,146395,9002788.0,0.6165
2025-01-20 14:38:00,0.0,0.615,0.616,0.615,291280,17913737.0,0.6165
2025-01-20 14:39:00,0.0,0.614,0.615,0.614,114909,7066818.0,0.6165
2025-01-20 14:40:00,0.0,0.614,0.615,0.614,185212,11388119.0,0.6165
2025-01-20 14:41:00,0.0,0.614,0.615,0.614,344106,21128165.0,0.6165
2025-01-20 14:42:00,0.0,0.613,0.615,0.613,449143,27577235.0,0.6165
2025-01-20 14:43:00,0.0,0.613,0.614,0.613,68617,4207247.0,0.6165
2025-01-20 14:44:00,0.0,0.614,0.615,0.613,223859,13745219.0,0.6164
2025-01-20 14:45:00,0.0,0.614,0.615,0.614,54646,3358387.0,0.6164
2025-01-20 14:46:00,0.0,0.615,0.615,0.614,104640,6425425.0,0.6164
2025-01-20 14:47:00,0.0,0.615,0.615,0.614,439606,27034859.0,0.6164
2025-01-20 14:48:00,0.0,0.615,0.615,0.614,153345,9430457.0,0.6164
2025-01-20 14:49:00,0.0,0.615,0.615,0.614,263407,16199206.0,0.6164
2025-01-20 14:50:00,0.0,0.616,0.616,0.615,22970,1413128.0,0.6164
2025-01-20 14:51:00,0.0,0.615,0.616,0.615,457498,28137115.0,0.6164
2025-01-20 14:52:00,0.0,0.615,0.616,0.615,30277,1862748.0,0.6164
2025-01-20 14:53:00,0.0,0.616,0.616,0.615,26601,1637302.0,0.6164
2025-01-20 14:54:00,0.0,0.615,0.616,0.615,30643,1885080.0,0.6164
2025-01-20 14:55:00,0.0,0.616,0.616,0.615,69758,4294164.0,0.6164
2025-01-20 14:56:00,0.0,0.616,0.616,0.615,98764,6078819.0,0.6164
2025-01-20 14:57:00,0.0,0.616,0.616,0.615,156387,9621938.0,0.6164
2025-01-20 14:58:00,0.0,0.615,0.616,0.615,148569,9149727.0,0.6164
2025-01-20 14:59:00,0.0,0.617,0.617,0.615,310626,19134732.0,0.6164
2025-01-20 15:00:00,0.0,0.616,0.617,0.616,133856,8249382.0,0.6164
2025-01-21 09:30:00,0.0,0.622,0.622,0.622,673644,41900657.0,0.622
2025-01-21 09:31:00,0.0,0.62,0.623,0.62,1322207,82172456.0,0.6217
2025-01-21 09:32:00,0.0,0.621,0.621,0.62,1161514,72062464.0,0.6212
2025-01-21 09:33:00,0.0,0.621,0.621,0.62,536021,33283546.0,0.6212
2025-01-21 09:34:00,0.0,0.62,0.621,0.62,82356,5110869.0,0.6211
2025-01-21 09:35:00,0.0,0.619,0.621,0.619,987010,61239336.0,0.621
2025-01-21 09:36:00,0.0,0.618,0.619,0.618,549276,33968761.0,0.6207
2025-01-21 09:37:00,0.0,0.618,0.619,0.617,468734,28968573.0,0.6205
2025-01-21 09:38:00,0.0,0.618,0.619,0.617,583463,36056969.0,0.6203
2025-01-21 09:39:00,0.0,0.618,0.618,0.617,385708,23822230.0,0.6201
2025-01-21 09:40:00,0.0,0.619,0.619,0.617,359269,22191255.0,0.62
2025-01-21 09:41:00,0.0,0.62,0.62,0.619,608012,37641139.0,0.6199
2025-01-21 09:42:00,0.0,0.621,0.621,0.619,422269,26182450.0,0.6199
2025-01-21 09:43:00,0.0,0.622,0.622,0.62,393257,24420831.0,0.62
2025-01-21 09:44:00,0.0,0.62,0.622,0.62,440890,27379585.0,0.62
2025-01-21 09:45:00,0.0,0.62,0.621,0.62,421463,26131612.0,0.62
2025-01-21 09:46:00,0.0,0.621,0.621,0.62,1015902,63074913.0,0.6201
2025-01-21 09:47:00,0.0,0.62,0.622,0.62,860908,53461960.0,0.6202
2025-01-21 09:48:00,0.0,0.619,0.62,0.619,491675,30456142.0,0.6202
2025-01-21 09:49:00,0.0,0.618,0.619,0.618,1051616,65033989.0,0.62
2025-01-21 09:50:00,0.0,0.619,0.619,0.618,104961,6493957.0,0.62
2025-01-21 09:51:00,0.0,0.619,0.62,0.618,496544,30749796.0,0.62
2025-01-21 09:52:00,0.0,0.62,0.62,0.619,90267,5594814.0,0.62
2025-01-21 09:53:00,0.0,0.62,0.62,0.619,954403,59149980.0,0.62
2025-01-21 09:54:00,0.0,0.62,0.621,0.619,787774,48910154.0,0.62
2025-01-21 09:55:00,0.0,0.62,0.622,0.62,541143,33602991.0,0.62
2025-01-21 09:56:00,0.0,0.62,0.621,0.62,298092,18507161.0,0.6201
2025-01-21 09:57:00,0.0,0.62,0.621,0.62,244043,15154348.0,0.6201
2025-01-21 09:58:00,0.0,0.62,0.621,0.619,387390,24021403.0,0.6201
2025-01-21 09:59:00,0.0,0.619,0.62,0.619,618559,38290491.0,0.62
2025-01-21 10:00:00,0.0,0.619,0.619,0.618,203143,12574501.0,0.62
2025-01-21 10:01:00,0.0,0.62,0.62,0.619,151543,9389183.0,0.62
2025-01-21 10:02:00,0.0,0.62,0.621,0.619,165335,10250154.0,0.62
2025-01-21 10:03:00,0.0,0.622,0.622,0.621,1629718,101206953.0,0.6201
2025-01-21 10:04:00,0.0,0.621,0.622,0.621,531941,33036299.0,0.6201
2025-01-21 10:05:00,0.0,0.622,0.622,0.621,761404,47357218.0,0.6202
2025-01-21 10:06:00,0.0,0.623,0.623,0.622,98310,6123315.0,0.6202
2025-01-21 10:07:00,0.0,0.621,0.623,0.621,567812,35324445.0,0.6203
2025-01-21 10:08:00,0.0,0.621,0.622,0.621,303659,18886695.0,0.6203
2025-01-21 10:09:00,0.0,0.622,0.622,0.621,68711,4272142.0,0.6203
2025-01-21 10:10:00,0.0,0.621,0.622,0.621,442323,27470544.0,0.6203
2025-01-21 10:11:00,0.0,0.621,0.622,0.621,95130,5911861.0,0.6203
2025-01-21 10:12:00,0.0,0.622,0.622,0.621,687364,42752159.0,0.6204
2025-01-21 10:13:00,0.0,0.623,0.623,0.622,24657,1534812.0,0.6204
2025-01-21 10:14:00,0.0,0.622,0.623,0.622,410338,25525699.0,0.6204
2025-01-21 10:15:00,0.0,0.622,0.622,0.621,212492,13215573.0,0.6204
2025-01-21 10:16:00,0.0,0.622,0.623,0.622,72129,4486935.0,0.6204
2025-01-21 10:17:00,0.0,0.622,0.623,0.622,271397,16881373.0,0.6204
2025-01-21 10:18:00,0.0,0.623,0.623,0.622,21961,1366357.0,0.6204
2025-01-21 10:19:00,0.0,0.622,0.623,0.622,34012,2116025.0,0.6204
2025-01-21 10:20:00,0.0,0.623,0.623,0.622,347328,21604263.0,0.6204
2025-01-21 10:21:00,0.0,0.623,0.624,0.622,747197,46547150.0,0.6205
2025-01-21 10:22:00,0.0,0.623,0.623,0.622,267797,16683771.0,0.6205
2025-01-21 10:23:00,0.0,0.622,0.623,0.622,9980,621227.0,0.6206
2025-01-21 10:24:00,0.0,0.622,0.623,0.622,25460,1584029.0,0.6206
2025-01-21 10:25:00,0.0,0.623,0.623,0.622,103038,6418408.0,0.6206
2025-01-21 10:26:00,0.0,0.622,0.623,0.622,669956,41737097.0,0.6206
2025-01-21 10:27:00,0.0,0.623,0.623,0.622,489588,30496615.0,0.6207
2025-01-21 10:28:00,0.0,0.622,0.624,0.622,210684,13121899.0,0.6207
2025-01-21 10:29:00,0.0,0.622,0.623,0.622,73995,4603553.0,0.6207
2025-01-21 10:30:00,0.0,0.623,0.624,0.622,213236,13285133.0,0.6207
2025-01-21 10:31:00,0.0,0.624,0.624,0.623,85295,5321066.0,0.6207
2025-01-21 10:32:00,0.0,0.623,0.624,0.623,17237,1074126.0,0.6207
2025-01-21 10:33:00,0.0,0.624,0.624,0.623,382403,23860850.0,0.6208
2025-01-21 10:34:00,0.0,0.625,0.625,0.624,95294,5954416.0,0.6208
2025-01-21 10:35:00,0.0,0.624,0.625,0.624,255068,15919181.0,0.6208
2025-01-21 10:36:00,0.0,0.624,0.624,0.624,36282,2265624.0,0.6208
2025-01-21 10:37:00,0.0,0.623,0.624,0.623,491545,30672260.0,0.6209
2025-01-21 10:38:00,0.0,0.624,0.625,0.623,154854,9663012.0,0.6209
2025-01-21 10:39:00,0.0,0.625,0.625,0.624,10595,661809.0,0.6209
2025-01-21 10:40:00,0.0,0.625,0.625,0.623,450917,28137224.0,0.6209
2025-01-21 10:41:00,0.0,0.623,0.624,0.623,87420,5454071.0,0.6209
2025-01-21 10:42:00,0.0,0.623,0.624,0.623,10684,665702.0,0.6209
2025-01-21 10:43:00,0.0,0.622,0.624,0.622,351105,21873938.0,0.621
2025-01-21 10:44:00,0.0,0.623,0.623,0.622,335299,20885587.0,0.621
2025-01-21 10:45:00,0.0,0.622,0.623,0.622,99997,6222039.0,0.621
2025-01-21 10:46:00,0.0,0.623,0.623,0.622,185073,11526850.0,0.621
2025-01-21 10:47:00,0.0,0.623,0.624,0.623,93960,5853979.0,0.621
2025-01-21 10:48:00,0.0,0.624,0.624,0.623,40184,2505822.0,0.621
2025-01-21 10:49:00,0.0,0.624,0.624,0.623,38639,2409837.0,0.621
2025-01-21 10:50:00,0.0,0.624,0.624,0.623,19655,1225129.0,0.621
2025-01-21 10:51:00,0.0,0.623,0.624,0.623,9431,587798.0,0.621
2025-01-21 10:52:00,0.0,0.623,0.623,0.623,339823,21170978.0,0.621
2025-01-21 10:53:00,0.0,0.622,0.623,0.622,19702,1225636.0,0.621
2025-01-21 10:54:00,0.0,0.622,0.623,0.622,29348,1826115.0,0.621
2025-01-21 10:55:00,0.0,0.622,0.622,0.622,19433,1208807.0,0.621
2025-01-21 10:56:00,0.0,0.623,0.623,0.622,7403,460930.0,0.621
2025-01-21 10:57:00,0.0,0.623,0.623,0.622,18638,1160880.0,0.621
2025-01-21 10:58:00,0.0,0.622,0.623,0.622,9242,575023.0,0.621
2025-01-21 10:59:00,0.0,0.622,0.622,0.622,12117,753828.0,0.621
2025-01-21 11:00:00,0.0,0.622,0.623,0.622,8928,555335.0,0.621
2025-01-21 11:01:00,0.0,0.623,0.623,0.622,16629,1034551.0,0.621
2025-01-21 11:02:00,0.0,0.622,0.623,0.622,399485,24847967.0,0.6211
2025-01-21 11:03:00,0.0,0.622,0.622,0.621,179882,11188377.0,0.6211
2025-01-21 11:04:00,0.0,0.622,0.623,0.622,38866,2417555.0,0.6211
2025-01-21 11:05:00,0.0,0.622,0.623,0.622,37041,2304061.0,0.6211
2025-01-21 11:06:00,0.0,0.622,0.623,0.622,101668,6331894.0,0.6211
2025-01-21 11:07:00,0.0,0.622,0.623,0.622,63503,3953337.0,0.6211
2025-01-21 11:08:00,0.0,0.623,0.624,0.622,229059,14269664.0,0.6211
2025-01-21 11:09:00,0.0,0.624,0.624,0.623,6195,386134.0,0.6211
2025-01-21 11:10:00,0.0,0.624,0.624,0.623,35321,2203899.0,0.6211
2025-01-21 11:11:00,0.0,0.623,0.624,0.623,3658,228111.0,0.6211
2025-01-21 11:12:00,0.0,0.625,0.625,0.623,617228,38514890.0,0.6211
2025-01-21 11:13:00,0.0,0.624,0.625,0.624,263409,16437066.0,0.6212
2025-01-21 11:14:00,0.0,0.625,0.625,0.624,64731,4041336.0,0.6212
2025-01-21 11:15:00,0.0,0.625,0.626,0.624,870490,54403494.0,0.6213
2025-01-21 11:16:00,0.0,0.626,0.628,0.625,1090246,68312715.0,0.6214
2025-01-21 11:17:00,0.0,0.627,0.627,0.626,564715,35358462.0,0.6215
2025-01-21 11:18:00,0.0,0.626,0.627,0.626,78564,4919529.0,0.6215
2025-01-21 11:19:00,0.0,0.627,0.627,0.626,47655,2986829.0,0.6215
2025-01-21 11:20:00,0.0,0.628,0.629,0.626,747264,46897740.0,0.6217
2025-01-21 11:21:00,0.0,0.629,0.63,0.628,989050,62213069.0,0.6218
2025-01-21 11:22:00,0.0,0.632,0.632,0.63,1289991,81365526.0,0.6221
2025-01-21 11:23:00,0.0,0.631,0.632,0.631,440833,27822683.0,0.6222
2025-01-21 11:24:00,0.0,0.63,0.632,0.63,1594849,100618510.0,0.6226
2025-01-21 11:25:00,0.0,0.63,0.631,0.629,484289,30507469.0,0.6227
2025-01-21 11:26:00,0.0,0.632,0.632,0.63,257865,16271148.0,0.6227
2025-01-21 11:27:00,0.0,0.63,0.631,0.63,956904,60318280.0,0.6229
2025-01-21 11:28:00,0.0,0.629,0.63,0.629,129803,8176636.0,0.6229
2025-01-21 11:29:00,0.0,0.63,0.63,0.629,259692,16357865.0,0.623
2025-01-21 11:30:00,0.0,0.63,0.631,0.63,119448,7526695.0,0.623
2025-01-21 13:01:00,0.0,0.631,0.631,0.63,732380,46147722.0,0.6231
2025-01-21 13:02:00,0.0,0.631,0.632,0.631,209254,13205736.0,0.6231
2025-01-21 13:03:00,0.0,0.63,0.631,0.63,386294,24373134.0,0.6232
2025-01-21 13:04:00,0.0,0.63,0.63,0.629,567145,35729339.0,0.6233
2025-01-21 13:05:00,0.0,0.629,0.63,0.629,190530,11997556.0,0.6233
2025-01-21 13:06:00,0.0,0.629,0.63,0.629,308702,19447148.0,0.6234
2025-01-21 13:07:00,0.0,0.629,0.63,0.629,497285,31279435.0,0.6234
2025-01-21 13:08:00,0.0,0.631,0.631,0.629,369314,23269134.0,0.6235
2025-01-21 13:09:00,0.0,0.631,0.631,0.63,237790,15003473.0,0.6235
2025-01-21 13:10:00,0.0,0.631,0.631,0.63,467226,29481149.0,0.6236
2025-01-21 13:11:00,0.0,0.63,0.631,0.63,227494,14354547.0,0.6236
2025-01-21 13:12:00,0.0,0.63,0.631,0.63,18049,1137186.0,0.6236
2025-01-21 13:13:00,0.0,0.63,0.631,0.63,15539,978962.0,0.6236
2025-01-21 13:14:00,0.0,0.63,0.631,0.63,66057,4161875.0,0.6236
2025-01-21 13:15:00,0.0,0.63,0.631,0.629,318956,20094361.0,0.6237
2025-01-21 13:16:00,0.0,0.629,0.63,0.629,16290,1024673.0,0.6237
2025-01-21 13:17:00,0.0,0.629,0.629,0.629,502384,31599907.0,0.6237
2025-01-21 13:18:00,0.0,0.628,0.629,0.628,101440,6379354.0,0.6237
2025-01-21 13:19:00,0.0,0.628,0.629,0.628,122844,7714936.0,0.6238
2025-01-21 13:20:00,0.0,0.627,0.628,0.627,685311,42988195.0,0.6238
2025-01-21 13:21:00,0.0,0.628,0.628,0.626,193297,12119834.0,0.6238
2025-01-21 13:22:00,0.0,0.627,0.629,0.627,346807,21779309.0,0.6239
2025-01-21 13:23:00,0.0,0.628,0.629,0.627,197012,12371686.0,0.6239
2025-01-21 13:24:00,0.0,0.627,0.628,0.627,12907,809590.0,0.6239
2025-01-21 13:25:00,0.0,0.627,0.628,0.627,283692,17787673.0,0.6239
2025-01-21 13:26:00,0.0,0.626,0.628,0.626,140874,8832767.0,0.6239
2025-01-21 13:27:00,0.0,0.626,0.627,0.626,195225,12239548.0,0.6239
2025-01-21 13:28:00,0.0,0.627,0.628,0.626,83947,5263163.0,0.6239
2025-01-21 13:29:00,0.0,0.627,0.628,0.626,80842,5069454.0,0.6239
2025-01-21 13:30:00,0.0,0.628,0.628,0.627,261782,16413897.0,0.6239
2025-01-21 13:31:00,0.0,0.628,0.628,0.627,32118,2016419.0,0.6239
2025-01-21 13:32:00,0.0,0.627,0.628,0.627,18473,1159567.0,0.6239
2025-01-21 13:33:00,0.0,0.628,0.628,0.627,8103,508163.0,0.6239
2025-01-21 13:34:00,0.0,0.628,0.628,0.627,248162,15583585.0,0.624
2025-01-21 13:35:00,0.0,0.628,0.628,0.627,357436,22447668.0,0.624
2025-01-21 13:36:00,0.0,0.628,0.629,0.627,262410,16479322.0,0.624
2025-01-21 13:37:00,0.0,0.629,0.629,0.628,16153,1014881.0,0.624
2025-01-21 13:38:00,0.0,0.628,0.629,0.628,12598,792359.0,0.624
2025-01-21 13:39:00,0.0,0.628,0.629,0.628,29527,1856433.0,0.624
2025-01-21 13:40:00,0.0,0.627,0.629,0.627,245699,15427916.0,0.624
2025-01-21 13:41:00,0.0,0.627,0.628,0.627,32058,2012110.0,0.624
2025-01-21 13:42:00,0.0,0.628,0.629,0.627,257501,16171053.0,0.6241
2025-01-21 13:43:00,0.0,0.627,0.628,0.627,6499,407599.0,0.6241
2025-01-21 13:44:00,0.0,0.627,0.628,0.627,342856,21496732.0,0.6241
2025-01-21 13:45:00,0.0,0.627,0.628,0.627,143226,8980283.0,0.6241
2025-01-21 13:46:00,0.0,0.627,0.628,0.627,28125,1763772.0,0.6241
2025-01-21 13:47:00,0.0,0.627,0.628,0.627,71865,4509873.0,0.6241
2025-01-21 13:48:00,0.0,0.627,0.628,0.627,34384,2156084.0,0.6241
2025-01-21 13:49:00,0.0,0.627,0.628,0.627,7577,475129.0,0.6241
2025-01-21 13:50:00,0.0,0.627,0.627,0.626,178068,11164888.0,0.6241
2025-01-21 13:51:00,0.0,0.626,0.627,0.626,25641,1607072.0,0.6241
2025-01-21 13:52:00,0.0,0.626,0.627,0.626,103969,6508660.0,0.6241
2025-01-21 13:53:00,0.0,0.626,0.627,0.626,225100,14091341.0,0.6241
2025-01-21 13:54:00,0.0,0.625,0.627,0.625,48627,3041846.0,0.6241
2025-01-21 13:55:00,0.0,0.624,0.625,0.624,259987,16245553.0,0.6241
2025-01-21 13:56:00,0.0,0.626,0.626,0.625,259413,16212502.0,0.6241
2025-01-21 13:57:00,0.0,0.625,0.626,0.625,213470,13342835.0,0.6241
2025-01-21 13:58:00,0.0,0.626,0.626,0.625,27182,1699075.0,0.6241
2025-01-21 13:59:00,0.0,0.625,0.626,0.625,15653,978472.0,0.6241
2025-01-21 14:00:00,0.0,0.626,0.627,0.625,317044,19847031.0,0.6241
2025-01-21 14:01:00,0.0,0.627,0.627,0.626,115454,7227732.0,0.6241
2025-01-21 14:02:00,0.0,0.626,0.627,0.626,39752,2489016.0,0.6241
2025-01-21 14:03:00,0.0,0.627,0.627,0.626,253838,15914832.0,0.6242
2025-01-21 14:04:00,0.0,0.627,0.628,0.627,187502,11756949.0,0.6242
2025-01-21 14:05:00,0.0,0.628,0.628,0.627,23777,1492082.0,0.6242
2025-01-21 14:06:00,0.0,0.627,0.628,0.627,16154,1013777.0,0.6242
2025-01-21 14:07:00,0.0,0.628,0.628,0.627,23800,1494342.0,0.6242
2025-01-21 14:08:00,0.0,0.629,0.629,0.627,523806,32894577.0,0.6242
2025-01-21 14:09:00,0.0,0.629,0.629,0.628,17426,1095138.0,0.6242
2025-01-21 14:10:00,0.0,0.627,0.628,0.627,184525,11585618.0,0.6242
2025-01-21 14:11:00,0.0,0.628,0.628,0.627,242236,15211764.0,0.6242
2025-01-21 14:12:00,0.0,0.628,0.629,0.627,245208,15398697.0,0.6242
2025-01-21 14:13:00,0.0,0.627,0.628,0.627,185948,11676730.0,0.6243
2025-01-21 14:14:00,0.0,0.627,0.629,0.627,154736,9716536.0,0.6243
2025-01-21 14:15:00,0.0,0.627,0.628,0.627,27380,1717888.0,0.6243
2025-01-21 14:16:00,0.0,0.628,0.629,0.627,365921,22979631.0,0.6243
2025-01-21 14:17:00,0.0,0.627,0.629,0.627,175055,10993405.0,0.6243
2025-01-21 14:18:00,0.0,0.627,0.628,0.627,21342,1338167.0,0.6243
2025-01-21 14:19:00,0.0,0.627,0.628,0.627,461485,28935293.0,0.6243
2025-01-21 14:20:00,0.0,0.626,0.628,0.626,47455,2974945.0,0.6243
2025-01-21 14:21:00,0.0,0.627,0.627,0.626,273241,17130421.0,0.6243
2025-01-21 14:22:00,0.0,0.626,0.628,0.626,87701,5498782.0,0.6243
2025-01-21 14:23:00,0.0,0.627,0.627,0.626,39884,2498816.0,0.6243
2025-01-21 14:24:00,0.0,0.626,0.627,0.626,69501,4355454.0,0.6244
2025-01-21 14:25:00,0.0,0.627,0.627,0.626,209124,13110348.0,0.6244
2025-01-21 14:26:00,0.0,0.627,0.628,0.627,5808,364169.0,0.6244
2025-01-21 14:27:00,0.0,0.628,0.628,0.627,13894,871846.0,0.6244
2025-01-21 14:28:00,0.0,0.628,0.628,0.627,49829,3125108.0,0.6244
2025-01-21 14:29:00,0.0,0.627,0.628,0.627,206635,12956094.0,0.6244
2025-01-21 14:30:00,0.0,0.627,0.627,0.626,154240,9670647.0,0.6244
2025-01-21 14:31:00,0.0,0.626,0.627,0.626,8346,522800.0,0.6244
2025-01-21 14:32:00,0.0,0.625,0.626,0.625,339151,21230047.0,0.6244
2025-01-21 14:33:00,0.0,0.626,0.627,0.625,228824,14321460.0,0.6244
2025-01-21 14:34:00,0.0,0.626,0.627,0.626,45454,2845742.0,0.6244
2025-01-21 14:35:00,0.0,0.627,0.628,0.626,170892,10714510.0,0.6244
2025-01-21 14:36:00,0.0,0.627,0.628,0.627,15460,969597.0,0.6244
2025-01-21 14:37:00,0.0,0.627,0.628,0.627,24489,1535910.0,0.6244
2025-01-21 14:38:00,0.0,0.627,0.628,0.627,20877,1309479.0,0.6244
2025-01-21 14:39:00,0.0,0.627,0.628,0.627,13555,850298.0,0.6244
2025-01-21 14:40:00,0.0,0.628,0.628,0.627,17725,1111433.0,0.6244
2025-01-21 14:41:00,0.0,0.627,0.628,0.627,27706,1739256.0,0.6244
2025-01-21 14:42:00,0.0,0.627,0.628,0.627,13389,839919.0,0.6244
2025-01-21 14:43:00,0.0,0.628,0.628,0.627,30132,1889714.0,0.6244
2025-01-21 14:44:00,0.0,0.628,0.628,0.627,35183,2208438.0,0.6244
2025-01-21 14:45:00,0.0,0.627,0.628,0.627,29844,1872701.0,0.6244
2025-01-21 14:46:00,0.0,0.627,0.628,0.627,33870,2125349.0,0.6244
2025-01-21 14:47:00,0.0,0.628,0.628,0.627,406646,25536140.0,0.6244
2025-01-21 14:48:00,0.0,0.627,0.628,0.627,68676,4311854.0,0.6244
2025-01-21 14:49:00,0.0,0.627,0.628,0.627,22024,1382474.0,0.6244
2025-01-21 14:50:00,0.0,0.627,0.628,0.627,42886,2690222.0,0.6244
2025-01-21 14:51:00,0.0,0.628,0.628,0.627,62805,3939487.0,0.6245
2025-01-21 14:52:00,0.0,0.627,0.628,0.627,59239,3714661.0,0.6245
2025-01-21 14:53:00,0.0,0.627,0.628,0.627,77619,4871833.0,0.6245
2025-01-21 14:54:00,0.0,0.627,0.628,0.627,32713,2053048.0,0.6245
2025-01-21 14:55:00,0.0,0.627,0.628,0.627,750201,47039500.0,0.6245
2025-01-21 14:56:00,0.0,0.627,0.628,0.627,156796,9837141.0,0.6245
2025-01-21 14:57:00,0.0,0.627,0.628,0.627,76555,4803270.0,0.6245
2025-01-21 14:58:00,0.0,0.627,0.628,0.627,63024,3956016.0,0.6245
2025-01-21 14:59:00,0.0,0.628,0.629,0.628,474795,29817742.0,0.6245
2025-01-21 15:00:00,0.0,0.629,0.629,0.628,96386,6059612.0,0.6245
2025-01-22 09:30:00,0.0,0.623,0.623,0.623,240463,14980845.0,0.623
2025-01-22 09:31:00,0.0,0.622,0.624,0.621,796362,49545706.0,0.6223
2025-01-22 09:32:00,0.0,0.623,0.624,0.622,518181,32278981.0,0.6225
2025-01-22 09:33:00,0.0,0.623,0.623,0.622,160739,10012011.0,0.6226
2025-01-22 09:34:00,0.0,0.623,0.624,0.623,246770,15385780.0,0.6227
2025-01-22 09:35:00,0.0,0.623,0.624,0.623,147986,9229269.0,0.6228
2025-01-22 09:36:00,0.0,0.623,0.624,0.623,181969,11341305.0,0.6228
2025-01-22 09:37:00,0.0,0.626,0.626,0.623,462067,28851244.0,0.6231
2025-01-22 09:38:00,0.0,0.625,0.626,0.624,228629,14290658.0,0.6232
2025-01-22 09:39:00,0.0,0.625,0.625,0.624,277670,17330930.0,0.6233
2025-01-22 09:40:00,0.0,0.624,0.625,0.624,530931,33182408.0,0.6235
2025-01-22 09:41:00,0.0,0.623,0.625,0.623,246986,15412238.0,0.6236
2025-01-22 09:42:00,0.0,0.622,0.624,0.622,502114,31280877.0,0.6235
2025-01-22 09:43:00,0.0,0.621,0.623,0.621,465764,28962721.0,0.6233
2025-01-22 09:44:00,0.0,0.621,0.622,0.62,751843,46689482.0,0.623
2025-01-22 09:45:00,0.0,0.62,0.621,0.62,192565,11940886.0,0.6229
2025-01-22 09:46:00,0.0,0.621,0.621,0.62,208347,12919980.0,0.6228
2025-01-22 09:47:00,0.0,0.621,0.621,0.62,80030,4963145.0,0.6228
2025-01-22 09:48:00,0.0,0.62,0.621,0.62,85105,5277167.0,0.6228
2025-01-22 09:49:00,0.0,0.62,0.621,0.619,869423,53905566.0,0.6224
2025-01-22 09:50:00,0.0,0.62,0.621,0.62,31523,1954849.0,0.6224
2025-01-22 09:51:00,0.0,0.621,0.621,0.62,64812,4022488.0,0.6224
2025-01-22 09:52:00,0.0,0.62,0.621,0.62,253500,15717403.0,0.6223
2025-01-22 09:53:00,0.0,0.619,0.62,0.618,468750,29016639.0,0.6221
2025-01-22 09:54:00,0.0,0.62,0.62,0.619,395395,24475213.0,0.622
2025-01-22 09:55:00,0.0,0.618,0.619,0.617,426490,26361988.0,0.6218
2025-01-22 09:56:00,0.0,0.617,0.618,0.616,391692,24166525.0,0.6216
2025-01-22 09:57:00,0.0,0.617,0.617,0.616,347684,21445249.0,0.6214
2025-01-22 09:58:00,0.0,0.616,0.617,0.616,84884,5231879.0,0.6214
2025-01-22 09:59:00,0.0,0.617,0.617,0.616,39598,2440002.0,0.6214
2025-01-22 10:00:00,0.0,0.616,0.617,0.615,945920,58262085.0,0.6209
2025-01-22 10:01:00,0.0,0.617,0.617,0.616,785843,48406395.0,0.6205
2025-01-22 10:02:00,0.0,0.616,0.617,0.616,70925,4372029.0,0.6205
2025-01-22 10:03:00,0.0,0.615,0.617,0.615,921403,56759127.0,0.6202
2025-01-22 10:04:00,0.0,0.616,0.616,0.614,712174,43799173.0,0.6199
2025-01-22 10:05:00,0.0,0.615,0.616,0.615,420111,25838261.0,0.6198
2025-01-22 10:06:00,0.0,0.615,0.616,0.614,270420,16630381.0,0.6197
2025-01-22 10:07:00,0.0,0.616,0.616,0.615,215475,13252129.0,0.6196
2025-01-22 10:08:00,0.0,0.616,0.616,0.615,45271,2787376.0,0.6196
2025-01-22 10:09:00,0.0,0.615,0.616,0.615,366667,22553331.0,0.6195
2025-01-22 10:10:00,0.0,0.615,0.615,0.614,38878,2390258.0,0.6194
2025-01-22 10:11:00,0.0,0.615,0.616,0.614,156661,9634476.0,0.6194
2025-01-22 10:12:00,0.0,0.617,0.617,0.616,282357,17393327.0,0.6193
2025-01-22 10:13:00,0.0,0.617,0.617,0.616,45605,2812651.0,0.6193
2025-01-22 10:14:00,0.0,0.615,0.617,0.615,221442,13642176.0,0.6193
2025-01-22 10:15:00,0.0,0.617,0.617,0.615,335076,20641490.0,0.6192
2025-01-22 10:16:00,0.0,0.617,0.617,0.616,56888,3509665.0,0.6192
2025-01-22 10:17:00,0.0,0.618,0.618,0.617,329940,20358682.0,0.6192
2025-01-22 10:18:00,0.0,0.617,0.618,0.617,133208,8230568.0,0.6191
2025-01-22 10:19:00,0.0,0.617,0.617,0.616,276123,17036637.0,0.6191
2025-01-22 10:20:00,0.0,0.617,0.617,0.616,429570,26461695.0,0.619
2025-01-22 10:21:00,0.0,0.616,0.617,0.616,294802,18159808.0,0.619
2025-01-22 10:22:00,0.0,0.616,0.617,0.616,120510,7423697.0,0.619
2025-01-22 10:23:00,0.0,0.615,0.616,0.615,53873,3313580.0,0.6189
2025-01-22 10:24:00,0.0,0.615,0.616,0.615,46035,2831437.0,0.6189
2025-01-22 10:25:00,0.0,0.616,0.616,0.615,20699,1273570.0,0.6189
2025-01-22 10:26:00,0.0,0.616,0.616,0.615,18383,1130858.0,0.6189
2025-01-22 10:27:00,0.0,0.616,0.616,0.615,20597,1268375.0,0.6189
2025-01-22 10:28:00,0.0,0.615,0.616,0.615,59126,3641935.0,0.6189
2025-01-22 10:29:00,0.0,0.615,0.616,0.615,56575,3479713.0,0.6189
2025-01-22 10:30:00,0.0,0.615,0.616,0.615,77385,4762389.0,0.6189
2025-01-22 10:31:00,0.0,0.616,0.616,0.615,247199,15225201.0,0.6188
2025-01-22 10:32:00,0.0,0.617,0.617,0.616,19399,1196086.0,0.6188
2025-01-22 10:33:00,0.0,0.617,0.617,0.616,77446,4778255.0,0.6188
2025-01-22 10:34:00,0.0,0.617,0.617,0.616,69153,4265668.0,0.6188
2025-01-22 10:35:00,0.0,0.617,0.618,0.616,193699,11950894.0,0.6188
2025-01-22 10:36:00,0.0,0.618,0.618,0.616,211849,13071524.0,0.6188
2025-01-22 10:37:00,0.0,0.618,0.618,0.617,14355,886702.0,0.6188
2025-01-22 10:38:00,0.0,0.618,0.618,0.617,471596,29144601.0,0.6188
2025-01-22 10:39:00,0.0,0.618,0.618,0.618,408891,25269361.0,0.6187
2025-01-22 10:40:00,0.0,0.617,0.618,0.617,45055,2783803.0,0.6187
2025-01-22 10:41:00,0.0,0.617,0.617,0.617,357284,22044373.0,0.6187
2025-01-22 10:42:00,0.0,0.617,0.618,0.617,3426,211420.0,0.6187
2025-01-22 10:43:00,0.0,0.617,0.618,0.617,6280,387736.0,0.6187
2025-01-22 10:44:00,0.0,0.617,0.618,0.617,14227,878406.0,0.6187
2025-01-22 10:45:00,0.0,0.618,0.618,0.617,2402,148354.0,0.6187
2025-01-22 10:46:00,0.0,0.618,0.618,0.617,7157,441888.0,0.6187
2025-01-22 10:47:00,0.0,0.617,0.618,0.617,277302,17110540.0,0.6187
2025-01-22 10:48:00,0.0,0.617,0.618,0.617,192412,11871909.0,0.6187
2025-01-22 10:49:00,0.0,0.618,0.618,0.617,23831,1471209.0,0.6187
2025-01-22 10:50:00,0.0,0.617,0.618,0.617,168089,10371463.0,0.6187
2025-01-22 10:51:00,0.0,0.618,0.618,0.617,45440,2803608.0,0.6187
2025-01-22 10:52:00,0.0,0.618,0.618,0.617,10413,642527.0,0.6187
2025-01-22 10:53:00,0.0,0.618,0.618,0.617,4068,251126.0,0.6187
2025-01-22 10:54:00,0.0,0.618,0.618,0.617,18163,1122262.0,0.6187
2025-01-22 10:55:00,0.0,0.619,0.619,0.617,328405,20295349.0,0.6186
2025-01-22 10:56:00,0.0,0.618,0.619,0.618,106509,6592689.0,0.6186
2025-01-22 10:57:00,0.0,0.618,0.619,0.618,645591,39901852.0,0.6186
2025-01-22 10:58:00,0.0,0.618,0.619,0.618,171870,10621655.0,0.6186
2025-01-22 10:59:00,0.0,0.618,0.618,0.617,235334,14543430.0,0.6186
2025-01-22 11:00:00,0.0,0.618,0.619,0.618,23256,1437695.0,0.6186
2025-01-22 11:01:00,0.0,0.618,0.619,0.618,59240,3666871.0,0.6186
2025-01-22 11:02:00,0.0,0.619,0.62,0.618,287110,17773752.0,0.6186
2025-01-22 11:03:00,0.0,0.619,0.62,0.619,367686,22762249.0,0.6186
2025-01-22 11:04:00,0.0,0.619,0.619,0.618,23093,1428841.0,0.6186
2025-01-22 11:05:00,0.0,0.617,0.619,0.617,161521,9981822.0,0.6186
2025-01-22 11:06:00,0.0,0.618,0.618,0.617,3981,245676.0,0.6186
2025-01-22 11:07:00,0.0,0.617,0.618,0.617,3755,231705.0,0.6186
2025-01-22 11:08:00,0.0,0.617,0.618,0.617,8852,546208.0,0.6186
2025-01-22 11:09:00,0.0,0.617,0.618,0.616,280022,17277789.0,0.6186
2025-01-22 11:10:00,0.0,0.617,0.617,0.616,231303,14271102.0,0.6186
2025-01-22 11:11:00,0.0,0.617,0.618,0.617,86429,5332707.0,0.6186
2025-01-22 11:12:00,0.0,0.617,0.618,0.617,11989,740230.0,0.6186
2025-01-22 11:13:00,0.0,0.618,0.618,0.617,54174,3347872.0,0.6186
2025-01-22 11:14:00,0.0,0.617,0.618,0.617,21129,1305129.0,0.6186
2025-01-22 11:15:00,0.0,0.617,0.618,0.617,236935,14618964.0,0.6186
2025-01-22 11:16:00,0.0,0.617,0.617,0.616,113280,6989282.0,0.6186
2025-01-22 11:17:00,0.0,0.617,0.617,0.616,20688,1275283.0,0.6186
2025-01-22 11:18:00,0.0,0.616,0.617,0.616,13201,813546.0,0.6186
2025-01-22 11:19:00,0.0,0.616,0.617,0.616,52519,3239309.0,0.6185
2025-01-22 11:20:00,0.0,0.616,0.617,0.616,12811,789229.0,0.6185
2025-01-22 11:21:00,0.0,0.616,0.617,0.616,22239,1370025.0,0.6185
2025-01-22 11:22:00,0.0,0.617,0.617,0.616,102804,6342084.0,0.6185
2025-01-22 11:23:00,0.0,0.617,0.618,0.617,134437,8294746.0,0.6185
2025-01-22 11:24:00,0.0,0.617,0.617,0.616,11121,686124.0,0.6185
2025-01-22 11:25:00,0.0,0.617,0.617,0.616,2545,156919.0,0.6185
2025-01-22 11:26:00,0.0,0.617,0.617,0.616,10929,673337.0,0.6185
2025-01-22 11:27:00,0.0,0.617,0.617,0.616,85500,5275287.0,0.6185
2025-01-22 11:28:00,0.0,0.617,0.618,0.616,67874,4187850.0,0.6185
2025-01-22 11:29:00,0.0,0.617,0.618,0.617,44272,2731908.0,0.6185
2025-01-22 11:30:00,0.0,0.617,0.617,0.616,7416,457031.0,0.6185
2025-01-22 13:01:00,0.0,0.616,0.617,0.616,154680,9539439.0,0.6185
2025-01-22 13:02:00,0.0,0.616,0.617,0.616,191979,11837465.0,0.6185
2025-01-22 13:03:00,0.0,0.616,0.617,0.616,214146,13191405.0,0.6185
2025-01-22 13:04:00,0.0,0.616,0.617,0.616,28773,1772482.0,0.6185
2025-01-22 13:05:00,0.0,0.616,0.617,0.616,20755,1278519.0,0.6185
2025-01-22 13:06:00,0.0,0.616,0.617,0.616,24001,1478552.0,0.6185
2025-01-22 13:07:00,0.0,0.617,0.617,0.616,7250,446988.0,0.6185
2025-01-22 13:08:00,0.0,0.617,0.617,0.616,9774,602748.0,0.6185
2025-01-22 13:09:00,0.0,0.616,0.617,0.616,26489,1631768.0,0.6185
2025-01-22 13:10:00,0.0,0.616,0.617,0.616,9482,584123.0,0.6185
2025-01-22 13:11:00,0.0,0.616,0.617,0.616,224390,13822393.0,0.6184
2025-01-22 13:12:00,0.0,0.616,0.616,0.615,42299,2602393.0,0.6184
2025-01-22 13:13:00,0.0,0.615,0.616,0.615,92565,5692759.0,0.6184
2025-01-22 13:14:00,0.0,0.614,0.615,0.614,460223,28303423.0,0.6184
2025-01-22 13:15:00,0.0,0.614,0.615,0.614,61010,3747173.0,0.6183
2025-01-22 13:16:00,0.0,0.614,0.615,0.614,25922,1591792.0,0.6183
2025-01-22 13:17:00,0.0,0.615,0.615,0.614,27490,1689657.0,0.6183
2025-01-22 13:18:00,0.0,0.615,0.615,0.614,25142,1544727.0,0.6183
2025-01-22 13:19:00,0.0,0.614,0.615,0.614,14225,874396.0,0.6183
2025-01-22 13:20:00,0.0,0.614,0.615,0.614,130182,7993493.0,0.6183
2025-01-22 13:21:00,0.0,0.613,0.615,0.613,527496,32386289.0,0.6182
2025-01-22 13:22:00,0.0,0.613,0.614,0.612,338840,20769720.0,0.6182
2025-01-22 13:23:00,0.0,0.612,0.613,0.612,1029267,62991346.0,0.6179
2025-01-22 13:24:00,0.0,0.614,0.614,0.612,175180,10736460.0,0.6179
2025-01-22 13:25:00,0.0,0.612,0.613,0.612,204492,12531921.0,0.6179
2025-01-22 13:26:00,0.0,0.612,0.613,0.612,36916,2261048.0,0.6179
2025-01-22 13:27:00,0.0,0.613,0.613,0.612,18090,1107444.0,0.6179
2025-01-22 13:28:00,0.0,0.613,0.613,0.612,38361,2348673.0,0.6178
2025-01-22 13:29:00,0.0,0.613,0.613,0.612,368004,22555331.0,0.6178
2025-01-22 13:30:00,0.0,0.613,0.613,0.612,43179,2645455.0,0.6178
2025-01-22 13:31:00,0.0,0.613,0.613,0.612,401208,24583146.0,0.6177
2025-01-22 13:32:00,0.0,0.613,0.613,0.612,351158,21524880.0,0.6177
2025-01-22 13:33:00,0.0,0.614,0.614,0.613,11925,731711.0,0.6177
2025-01-22 13:34:00,0.0,0.614,0.614,0.613,283853,17428542.0,0.6176
2025-01-22 13:35:00,0.0,0.614,0.615,0.614,223799,13741780.0,0.6176
2025-01-22 13:36:00,0.0,0.615,0.615,0.614,44586,2737579.0,0.6176
2025-01-22 13:37:00,0.0,0.615,0.615,0.614,7944,487997.0,0.6176
2025-01-22 13:38:00,0.0,0.615,0.615,0.614,10383,637901.0,0.6176
2025-01-22 13:39:00,0.0,0.614,0.615,0.614,43699,2683257.0,0.6176
2025-01-22 13:40:00,0.0,0.613,0.614,0.613,135032,8290497.0,0.6176
2025-01-22 13:41:00,0.0,0.614,0.614,0.613,189865,11655421.0,0.6175
2025-01-22 13:42:00,0.0,0.614,0.615,0.613,38617,2371637.0,0.6175
2025-01-22 13:43:00,0.0,0.614,0.615,0.614,18270,1122253.0,0.6175
2025-01-22 13:44:00,0.0,0.615,0.615,0.614,13742,844282.0,0.6175
2025-01-22 13:45:00,0.0,0.615,0.615,0.614,10104,621208.0,0.6175
2025-01-22 13:46:00,0.0,0.615,0.615,0.614,6537,401678.0,0.6175
2025-01-22 13:47:00,0.0,0.614,0.615,0.614,25216,1548699.0,0.6175
2025-01-22 13:48:00,0.0,0.614,0.615,0.614,12934,794558.0,0.6175
2025-01-22 13:49:00,0.0,0.615,0.615,0.614,69220,4256919.0,0.6175
2025-01-22 13:50:00,0.0,0.615,0.616,0.615,560246,34455107.0,0.6175
2025-01-22 13:51:00,0.0,0.615,0.615,0.614,29240,1797200.0,0.6175
2025-01-22 13:52:00,0.0,0.615,0.615,0.614,9185,564812.0,0.6175
2025-01-22 13:53:00,0.0,0.614,0.615,0.614,7530,462805.0,0.6175
2025-01-22 13:54:00,0.0,0.615,0.615,0.614,11495,706442.0,0.6175
2025-01-22 13:55:00,0.0,0.614,0.615,0.614,16742,1028361.0,0.6175
2025-01-22 13:56:00,0.0,0.615,0.615,0.614,8036,493820.0,0.6175
2025-01-22 13:57:00,0.0,0.614,0.615,0.614,26604,1633660.0,0.6175
2025-01-22 13:58:00,0.0,0.613,0.615,0.613,192052,11788900.0,0.6174
2025-01-22 13:59:00,0.0,0.614,0.615,0.613,143829,8830997.0,0.6174
2025-01-22 14:00:00,0.0,0.614,0.615,0.614,4485,275414.0,0.6174
2025-01-22 14:01:00,0.0,0.614,0.615,0.614,241392,14821485.0,0.6174
2025-01-22 14:02:00,0.0,0.614,0.615,0.614,7028,431967.0,0.6174
2025-01-22 14:03:00,0.0,0.615,0.615,0.614,25312,1556344.0,0.6174
2025-01-22 14:04:00,0.0,0.615,0.615,0.614,7864,483548.0,0.6174
2025-01-22 14:05:00,0.0,0.614,0.615,0.614,13870,852145.0,0.6174
2025-01-22 14:06:00,0.0,0.615,0.615,0.614,5639,346659.0,0.6174
2025-01-22 14:07:00,0.0,0.614,0.615,0.614,4260,261778.0,0.6174
2025-01-22 14:08:00,0.0,0.614,0.615,0.614,195569,12008028.0,0.6174
2025-01-22 14:09:00,0.0,0.614,0.614,0.613,187988,11541285.0,0.6174
2025-01-22 14:10:00,0.0,0.614,0.614,0.613,5661,347036.0,0.6174
2025-01-22 14:11:00,0.0,0.613,0.614,0.613,188156,11551673.0,0.6173
2025-01-22 14:12:00,0.0,0.614,0.614,0.613,4047,248140.0,0.6173
2025-01-22 14:13:00,0.0,0.614,0.614,0.613,8780,538556.0,0.6173
2025-01-22 14:14:00,0.0,0.614,0.614,0.613,19525,1198775.0,0.6173
2025-01-22 14:15:00,0.0,0.614,0.614,0.613,34595,2122727.0,0.6173
2025-01-22 14:16:00,0.0,0.613,0.614,0.613,12896,790583.0,0.6173
2025-01-22 14:17:00,0.0,0.613,0.614,0.613,67065,4111115.0,0.6173
2025-01-22 14:18:00,0.0,0.613,0.613,0.612,353135,21646427.0,0.6173
2025-01-22 14:19:00,0.0,0.613,0.613,0.612,59515,3648058.0,0.6173
2025-01-22 14:20:00,0.0,0.612,0.613,0.612,21889,1340119.0,0.6173
2025-01-22 14:21:00,0.0,0.612,0.613,0.612,15407,943307.0,0.6173
2025-01-22 14:22:00,0.0,0.612,0.613,0.612,42159,2583207.0,0.6173
2025-01-22 14:23:00,0.0,0.613,0.613,0.612,7832,479651.0,0.6173
2025-01-22 14:24:00,0.0,0.612,0.613,0.612,7163,438954.0,0.6173
2025-01-22 14:25:00,0.0,0.612,0.613,0.612,4910,300652.0,0.6172
2025-01-22 14:26:00,0.0,0.613,0.613,0.612,14007,857602.0,0.6172
2025-01-22 14:27:00,0.0,0.613,0.613,0.612,13880,850039.0,0.6172
2025-01-22 14:28:00,0.0,0.613,0.613,0.612,23093,1414176.0,0.6172
2025-01-22 14:29:00,0.0,0.613,0.613,0.612,31344,1919616.0,0.6172
2025-01-22 14:30:00,0.0,0.613,0.613,0.612,114628,7023431.0,0.6172
2025-01-22 14:31:00,0.0,0.613,0.613,0.612,403588,24736998.0,0.6172
2025-01-22 14:32:00,0.0,0.612,0.613,0.612,4668,285928.0,0.6172
2025-01-22 14:33:00,0.0,0.612,0.612,0.611,673946,41243131.0,0.6171
2025-01-22 14:34:00,0.0,0.612,0.613,0.612,223113,13654690.0,0.617
2025-01-22 14:35:00,0.0,0.613,0.613,0.612,52815,3232875.0,0.617
2025-01-22 14:36:00,0.0,0.613,0.613,0.612,431769,26462464.0,0.617
2025-01-22 14:37:00,0.0,0.613,0.614,0.613,361311,22146132.0,0.6169
2025-01-22 14:38:00,0.0,0.613,0.613,0.612,88938,5450242.0,0.6169
2025-01-22 14:39:00,0.0,0.613,0.613,0.612,43121,2641075.0,0.6169
2025-01-22 14:40:00,0.0,0.613,0.613,0.612,12970,794363.0,0.6169
2025-01-22 14:41:00,0.0,0.613,0.613,0.612,29682,1817069.0,0.6169
2025-01-22 14:42:00,0.0,0.612,0.613,0.612,26366,1613758.0,0.6169
2025-01-22 14:43:00,0.0,0.613,0.613,0.612,29120,1783691.0,0.6169
2025-01-22 14:44:00,0.0,0.613,0.613,0.612,35489,2173537.0,0.6169
2025-01-22 14:45:00,0.0,0.613,0.613,0.612,57815,3540915.0,0.6169
2025-01-22 14:46:00,0.0,0.613,0.613,0.612,80676,4941363.0,0.6169
2025-01-22 14:47:00,0.0,0.613,0.613,0.612,83710,5128462.0,0.6169
2025-01-22 14:48:00,0.0,0.612,0.613,0.612,90087,5514528.0,0.6169
2025-01-22 14:49:00,0.0,0.613,0.613,0.612,350570,21487983.0,0.6168
2025-01-22 14:50:00,0.0,0.613,0.613,0.612,112466,6885143.0,0.6168
2025-01-22 14:51:00,0.0,0.612,0.613,0.612,128368,7857071.0,0.6168
2025-01-22 14:52:00,0.0,0.612,0.613,0.612,565976,34638486.0,0.6167
2025-01-22 14:53:00,0.0,0.612,0.612,0.611,244842,14978184.0,0.6167
2025-01-22 14:54:00,0.0,0.612,0.612,0.611,47261,2888908.0,0.6167
2025-01-22 14:55:00,0.0,0.611,0.612,0.611,55847,3414412.0,0.6167
2025-01-22 14:56:00,0.0,0.612,0.612,0.611,126754,7750768.0,0.6167
2025-01-22 14:57:00,0.0,0.611,0.612,0.611,136948,8369789.0,0.6166
2025-01-22 14:58:00,0.0,0.611,0.612,0.611,83889,5129946.0,0.6166
2025-01-22 14:59:00,0.0,0.612,0.612,0.611,144798,8860326.0,0.6166
2025-01-22 15:00:00,0.0,0.612,0.612,0.611,536080,32800149.0,0.6165
2025-01-23 09:30:00,0.0,0.618,0.618,0.618,569628,35203010.0,0.618
2025-01-23 09:31:00,0.0,0.618,0.619,0.617,1210655,74844343.0,0.6181
2025-01-23 09:32:00,0.0,0.619,0.62,0.618,598961,37072321.0,0.6183
2025-01-23 09:33:00,0.0,0.619,0.619,0.618,204306,12642174.0,0.6184
2025-01-23 09:34:00,0.0,0.618,0.619,0.618,86533,5349340.0,0.6184
2025-01-23 09:35:00,0.0,0.618,0.619,0.617,300895,18591327.0,0.6183
2025-01-23 09:36:00,0.0,0.618,0.618,0.617,564156,34841286.0,0.6182
2025-01-23 09:37:00,0.0,0.619,0.619,0.618,419058,25913638.0,0.6182
2025-01-23 09:38:00,0.0,0.621,0.621,0.619,1645283,102039893.0,0.6188
2025-01-23 09:39:00,0.0,0.624,0.624,0.621,1314802,81807709.0,0.6195
2025-01-23 09:40:00,0.0,0.622,0.624,0.621,714642,44478615.0,0.6197
2025-01-23 09:41:00,0.0,0.623,0.623,0.622,924220,57558487.0,0.6201
2025-01-23 09:42:00,0.0,0.621,0.624,0.621,1345808,83760876.0,0.6204
2025-01-23 09:43:00,0.0,0.622,0.623,0.622,906977,56445613.0,0.6205
2025-01-23 09:44:00,0.0,0.623,0.624,0.622,632742,39427772.0,0.6207
2025-01-23 09:45:00,0.0,0.623,0.623,0.622,299192,18636901.0,0.6207
2025-01-23 09:46:00,0.0,0.621,0.623,0.621,330069,20527059.0,0.6208
2025-01-23 09:47:00,0.0,0.62,0.622,0.62,589064,36573356.0,0.6208
2025-01-23 09:48:00,0.0,0.621,0.622,0.62,505551,31388128.0,0.6208
2025-01-23 09:49:00,0.0,0.622,0.622,0.621,505038,31410262.0,0.6208
2025-01-23 09:50:00,0.0,0.622,0.622,0.621,163485,10168389.0,0.6208
2025-01-23 09:51:00,0.0,0.622,0.622,0.621,553669,34438531.0,0.6209
2025-01-23 09:52:00,0.0,0.621,0.622,0.621,452170,28123954.0,0.6209
2025-01-23 09:53:00,0.0,0.622,0.622,0.622,596564,37106361.0,0.621
2025-01-23 09:54:00,0.0,0.62,0.622,0.62,769060,47758960.0,0.621
2025-01-23 09:55:00,0.0,0.62,0.621,0.62,669455,41508981.0,0.6209
2025-01-23 09:56:00,0.0,0.62,0.621,0.619,219098,13582917.0,0.6209
2025-01-23 09:57:00,0.0,0.618,0.619,0.618,484633,29992850.0,0.6209
2025-01-23 09:58:00,0.0,0.62,0.62,0.618,406731,25176906.0,0.6208
2025-01-23 09:59:00,0.0,0.619,0.62,0.619,72463,4489820.0,0.6208
2025-01-23 10:00:00,0.0,0.62,0.62,0.619,104018,6442661.0,0.6208
2025-01-23 10:01:00,0.0,0.618,0.619,0.618,422714,26160884.0,0.6208
2025-01-23 10:02:00,0.0,0.618,0.619,0.618,71113,4395919.0,0.6207
2025-01-23 10:03:00,0.0,0.62,0.62,0.618,293589,18170690.0,0.6207
2025-01-23 10:04:00,0.0,0.618,0.62,0.618,701469,43379060.0,0.6206
2025-01-23 10:05:00,0.0,0.616,0.618,0.616,797320,49186944.0,0.6205
2025-01-23 10:06:00,0.0,0.616,0.617,0.615,763365,47063547.0,0.6203
2025-01-23 10:07:00,0.0,0.617,0.617,0.616,59873,3689829.0,0.6203
2025-01-23 10:08:00,0.0,0.615,0.617,0.615,575786,35466028.0,0.6202
2025-01-23 10:09:00,0.0,0.616,0.617,0.615,428451,26392433.0,0.6201
2025-01-23 10:10:00,0.0,0.617,0.617,0.616,77953,4807887.0,0.6201
2025-01-23 10:11:00,0.0,0.617,0.617,0.617,760831,46942525.0,0.62
2025-01-23 10:12:00,0.0,0.616,0.617,0.616,222996,13750525.0,0.62
2025-01-23 10:13:00,0.0,0.617,0.617,0.616,63642,3922477.0,0.62
2025-01-23 10:14:00,0.0,0.616,0.617,0.616,64869,3997593.0,0.62
2025-01-23 10:15:00,0.0,0.616,0.617,0.615,442286,27242387.0,0.6199
2025-01-23 10:16:00,0.0,0.615,0.616,0.615,388034,23899077.0,0.6198
2025-01-23 10:17:00,0.0,0.616,0.616,0.615,56441,3473530.0,0.6198
2025-01-23 10:18:00,0.0,0.616,0.616,0.615,66671,4101449.0,0.6198
2025-01-23 10:19:00,0.0,0.616,0.616,0.615,45854,2820342.0,0.6198
2025-01-23 10:20:00,0.0,0.617,0.617,0.616,219527,13522374.0,0.6198
2025-01-23 10:21:00,0.0,0.616,0.617,0.616,39590,2442564.0,0.6198
2025-01-23 10:22:00,0.0,0.617,0.617,0.616,102631,6330394.0,0.6197
2025-01-23 10:23:00,0.0,0.617,0.618,0.617,739593,45643301.0,0.6197
2025-01-23 10:24:00,0.0,0.616,0.617,0.616,286465,17670911.0,0.6196
2025-01-23 10:25:00,0.0,0.616,0.617,0.616,58647,3613971.0,0.6196
2025-01-23 10:26:00,0.0,0.616,0.617,0.616,26498,1632485.0,0.6196
2025-01-23 10:27:00,0.0,0.616,0.617,0.616,235925,14555420.0,0.6196
2025-01-23 10:28:00,0.0,0.616,0.617,0.616,588195,36235641.0,0.6195
2025-01-23 10:29:00,0.0,0.617,0.617,0.615,213662,13160261.0,0.6195
2025-01-23 10:30:00,0.0,0.617,0.617,0.616,22729,1401621.0,0.6195
2025-01-23 10:31:00,0.0,0.617,0.617,0.616,151868,9367583.0,0.6195
2025-01-23 10:32:00,0.0,0.616,0.617,0.616,79242,4884851.0,0.6195
2025-01-23 10:33:00,0.0,0.617,0.617,0.616,42681,2630354.0,0.6195
2025-01-23 10:34:00,0.0,0.616,0.616,0.616,405918,25005734.0,0.6194
2025-01-23 10:35:00,0.0,0.617,0.617,0.616,314597,19380237.0,0.6194
2025-01-23 10:36:00,0.0,0.617,0.617,0.616,191619,11820320.0,0.6194
2025-01-23 10:37:00,0.0,0.617,0.617,0.616,42252,2606744.0,0.6194
2025-01-23 10:38:00,0.0,0.616,0.617,0.616,29505,1819076.0,0.6194
2025-01-23 10:39:00,0.0,0.618,0.618,0.616,377121,23267506.0,0.6193
2025-01-23 10:40:00,0.0,0.618,0.618,0.617,39251,2425081.0,0.6193
2025-01-23 10:41:00,0.0,0.618,0.618,0.617,58068,3586711.0,0.6193
2025-01-23 10:42:00,0.0,0.618,0.618,0.617,39138,2416934.0,0.6193
2025-01-23 10:43:00,0.0,0.618,0.618,0.617,521035,32199808.0,0.6193
2025-01-23 10:44:00,0.0,0.618,0.619,0.617,402978,24903940.0,0.6193
2025-01-23 10:45:00,0.0,0.618,0.619,0.617,190440,11769475.0,0.6193
2025-01-23 10:46:00,0.0,0.619,0.619,0.618,33338,2061966.0,0.6193
2025-01-23 10:47:00,0.0,0.618,0.619,0.618,380336,23507737.0,0.6193
2025-01-23 10:48:00,0.0,0.617,0.618,0.617,208485,12882642.0,0.6192
2025-01-23 10:49:00,0.0,0.617,0.618,0.617,23082,1424213.0,0.6192
2025-01-23 10:50:00,0.0,0.617,0.618,0.617,46841,2891123.0,0.6192
2025-01-23 10:51:00,0.0,0.616,0.617,0.616,292625,18054654.0,0.6192
2025-01-23 10:52:00,0.0,0.616,0.617,0.616,33963,2095456.0,0.6192
2025-01-23 10:53:00,0.0,0.617,0.617,0.616,41872,2581455.0,0.6192
2025-01-23 10:54:00,0.0,0.616,0.617,0.616,67490,4162397.0,0.6192
2025-01-23 10:55:00,0.0,0.617,0.617,0.616,42352,2611063.0,0.6192
2025-01-23 10:56:00,0.0,0.617,0.618,0.616,297264,18342112.0,0.6192
2025-01-23 10:57:00,0.0,0.617,0.618,0.616,167380,10326297.0,0.6192
2025-01-23 10:58:00,0.0,0.616,0.617,0.616,8425,519672.0,0.6192
2025-01-23 10:59:00,0.0,0.617,0.617,0.616,40732,2510225.0,0.6192
2025-01-23 11:00:00,0.0,0.617,0.617,0.616,37129,2289499.0,0.6192
2025-01-23 11:01:00,0.0,0.617,0.617,0.616,48729,3003789.0,0.6192
2025-01-23 11:02:00,0.0,0.617,0.617,0.616,37237,2295058.0,0.6192
2025-01-23 11:03:00,0.0,0.616,0.617,0.616,63053,3886083.0,0.6191
2025-01-23 11:04:00,0.0,0.617,0.617,0.616,35754,2204627.0,0.6191
2025-01-23 11:05:00,0.0,0.617,0.617,0.616,15261,941394.0,0.6191
2025-01-23 11:06:00,0.0,0.616,0.617,0.616,187820,11571746.0,0.6191
2025-01-23 11:07:00,0.0,0.617,0.617,0.616,432486,26641419.0,0.6191
2025-01-23 11:08:00,0.0,0.615,0.617,0.615,242144,14914036.0,0.6191
2025-01-23 11:09:00,0.0,0.615,0.616,0.615,43212,2658992.0,0.6191
2025-01-23 11:10:00,0.0,0.616,0.616,0.615,31948,1967388.0,0.6191
2025-01-23 11:11:00,0.0,0.616,0.616,0.615,130995,8066797.0,0.619
2025-01-23 11:12:00,0.0,0.615,0.616,0.615,66294,4079941.0,0.619
2025-01-23 11:13:00,0.0,0.615,0.616,0.615,218039,13411850.0,0.619
2025-01-23 11:14:00,0.0,0.614,0.615,0.614,400499,24626484.0,0.619
2025-01-23 11:15:00,0.0,0.614,0.614,0.613,891371,54729185.0,0.6188
2025-01-23 11:16:00,0.0,0.614,0.615,0.613,279805,17179089.0,0.6188
2025-01-23 11:17:00,0.0,0.613,0.614,0.613,115269,7068366.0,0.6188
2025-01-23 11:18:00,0.0,0.614,0.614,0.613,108370,6648127.0,0.6188
2025-01-23 11:19:00,0.0,0.614,0.614,0.613,72913,4474142.0,0.6187
2025-01-23 11:20:00,0.0,0.613,0.614,0.613,46975,2882714.0,0.6187
2025-01-23 11:21:00,0.0,0.613,0.614,0.613,78989,4843582.0,0.6187
2025-01-23 11:22:00,0.0,0.613,0.614,0.613,117401,7198881.0,0.6187
2025-01-23 11:23:00,0.0,0.614,0.614,0.613,161647,9915782.0,0.6187
2025-01-23 11:24:00,0.0,0.614,0.615,0.614,426222,26171373.0,0.6186
2025-01-23 11:25:00,0.0,0.614,0.614,0.613,51283,3148607.0,0.6186
2025-01-23 11:26:00,0.0,0.614,0.615,0.613,249233,15303893.0,0.6186
2025-01-23 11:27:00,0.0,0.614,0.614,0.614,286193,17572382.0,0.6186
2025-01-23 11:28:00,0.0,0.615,0.615,0.613,125635,7713771.0,0.6185
2025-01-23 11:29:00,0.0,0.615,0.615,0.614,43171,2654065.0,0.6185
2025-01-23 11:30:00,0.0,0.615,0.615,0.614,39686,2440200.0,0.6185
2025-01-23 13:01:00,0.0,0.615,0.615,0.614,822586,50588907.0,0.6185
2025-01-23 13:02:00,0.0,0.615,0.616,0.614,97491,5995658.0,0.6184
2025-01-23 13:03:00,0.0,0.616,0.616,0.615,108277,6659441.0,0.6184
2025-01-23 13:04:00,0.0,0.616,0.616,0.615,22504,1384592.0,0.6184
2025-01-23 13:05:00,0.0,0.617,0.617,0.616,406466,25039791.0,0.6184
2025-01-23 13:06:00,0.0,0.616,0.617,0.616,305401,18815501.0,0.6184
2025-01-23 13:07:00,0.0,0.616,0.616,0.615,44504,2739292.0,0.6184
2025-01-23 13:08:00,0.0,0.616,0.616,0.615,155722,9592360.0,0.6184
2025-01-23 13:09:00,0.0,0.616,0.617,0.616,283962,17492583.0,0.6184
2025-01-23 13:10:00,0.0,0.616,0.617,0.615,244476,15058536.0,0.6183
2025-01-23 13:11:00,0.0,0.616,0.616,0.615,22049,1358026.0,0.6183
2025-01-23 13:12:00,0.0,0.614,0.615,0.614,906283,55736202.0,0.6183
2025-01-23 13:13:00,0.0,0.615,0.615,0.614,41445,2545165.0,0.6183
2025-01-23 13:14:00,0.0,0.615,0.615,0.614,181381,11154220.0,0.6182
2025-01-23 13:15:00,0.0,0.615,0.616,0.615,195457,12020628.0,0.6182
2025-01-23 13:16:00,0.0,0.615,0.616,0.614,79269,4874969.0,0.6182
2025-01-23 13:17:00,0.0,0.615,0.615,0.614,167167,10280758.0,0.6182
2025-01-23 13:18:00,0.0,0.614,0.615,0.614,163701,10067607.0,0.6182
2025-01-23 13:19:00,0.0,0.614,0.615,0.613,332323,20404260.0,0.6182
2025-01-23 13:20:00,0.0,0.613,0.614,0.613,94848,5816287.0,0.6182
2025-01-23 13:21:00,0.0,0.614,0.614,0.613,19369,1187365.0,0.6182
2025-01-23 13:22:00,0.0,0.613,0.614,0.613,93085,5706281.0,0.6181
2025-01-23 13:23:00,0.0,0.613,0.613,0.612,465418,28527279.0,0.6181
2025-01-23 13:24:00,0.0,0.612,0.613,0.612,60493,3703112.0,0.6181
2025-01-23 13:25:00,0.0,0.611,0.613,0.611,787683,48194934.0,0.618
2025-01-23 13:26:00,0.0,0.61,0.612,0.61,404441,24699664.0,0.6179
2025-01-23 13:27:00,0.0,0.61,0.611,0.61,216999,13239740.0,0.6179
2025-01-23 13:28:00,0.0,0.609,0.61,0.608,955479,58213625.0,0.6177
2025-01-23 13:29:00,0.0,0.607,0.609,0.607,721964,43899058.0,0.6175
2025-01-23 13:30:00,0.0,0.608,0.608,0.607,1115530,67815364.0,0.6173
2025-01-23 13:31:00,0.0,0.607,0.608,0.607,133177,8090154.0,0.6173
2025-01-23 13:32:00,0.0,0.608,0.608,0.607,324155,19703965.0,0.6172
2025-01-23 13:33:00,0.0,0.608,0.608,0.607,95696,5814411.0,0.6172
2025-01-23 13:34:00,0.0,0.609,0.609,0.608,252942,15382583.0,0.6171
2025-01-23 13:35:00,0.0,0.608,0.609,0.608,89071,5421875.0,0.6171
2025-01-23 13:36:00,0.0,0.609,0.609,0.608,341016,20766208.0,0.617
2025-01-23 13:37:00,0.0,0.607,0.609,0.607,469513,28538439.0,0.617
2025-01-23 13:38:00,0.0,0.609,0.609,0.608,155003,9424314.0,0.6169
2025-01-23 13:39:00,0.0,0.608,0.609,0.608,121008,7357720.0,0.6169
2025-01-23 13:40:00,0.0,0.609,0.609,0.608,104806,6373150.0,0.6169
2025-01-23 13:41:00,0.0,0.609,0.609,0.608,13387,814377.0,0.6169
2025-01-23 13:42:00,0.0,0.608,0.609,0.607,370290,22512929.0,0.6168
2025-01-23 13:43:00,0.0,0.608,0.608,0.607,252808,15361515.0,0.6168
2025-01-23 13:44:00,0.0,0.607,0.608,0.607,510875,31010588.0,0.6167
2025-01-23 13:45:00,0.0,0.606,0.607,0.605,755580,45812894.0,0.6165
2025-01-23 13:46:00,0.0,0.607,0.607,0.606,430467,26113269.0,0.6164
2025-01-23 13:47:00,0.0,0.608,0.608,0.607,548043,33264598.0,0.6163
2025-01-23 13:48:00,0.0,0.607,0.608,0.606,330750,20074969.0,0.6163
2025-01-23 13:49:00,0.0,0.607,0.608,0.607,355169,21558852.0,0.6162
2025-01-23 13:50:00,0.0,0.608,0.608,0.607,57344,3481326.0,0.6162
2025-01-23 13:51:00,0.0,0.607,0.608,0.607,265265,16101641.0,0.6161
2025-01-23 13:52:00,0.0,0.607,0.608,0.607,78274,4751237.0,0.6161
2025-01-23 13:53:00,0.0,0.606,0.607,0.606,15674,950987.0,0.6161
2025-01-23 13:54:00,0.0,0.606,0.607,0.606,77440,4693093.0,0.6161
2025-01-23 13:55:00,0.0,0.607,0.607,0.606,86201,5229469.0,0.6161
2025-01-23 13:56:00,0.0,0.606,0.607,0.606,181491,10998689.0,0.6161
2025-01-23 13:57:00,0.0,0.605,0.606,0.605,319471,19349970.0,0.616
2025-01-23 13:58:00,0.0,0.605,0.605,0.605,314278,19013946.0,0.6159
2025-01-23 13:59:00,0.0,0.605,0.606,0.605,53815,3257350.0,0.6159
2025-01-23 14:00:00,0.0,0.606,0.606,0.605,493102,29880898.0,0.6158
2025-01-23 14:01:00,0.0,0.605,0.606,0.605,670671,40576335.0,0.6157
2025-01-23 14:02:00,0.0,0.605,0.606,0.605,98884,5986136.0,0.6157
2025-01-23 14:03:00,0.0,0.607,0.607,0.606,241459,14637376.0,0.6156
2025-01-23 14:04:00,0.0,0.607,0.607,0.606,13944,846309.0,0.6156
2025-01-23 14:05:00,0.0,0.605,0.607,0.605,487327,29515307.0,0.6155
2025-01-23 14:06:00,0.0,0.606,0.607,0.605,651135,39446552.0,0.6154
2025-01-23 14:07:00,0.0,0.607,0.607,0.606,368715,22345663.0,0.6154
2025-01-23 14:08:00,0.0,0.607,0.607,0.606,12882,781857.0,0.6154
2025-01-23 14:09:00,0.0,0.606,0.607,0.606,9021,547377.0,0.6154
2025-01-23 14:10:00,0.0,0.607,0.607,0.606,410849,24897631.0,0.6153
2025-01-23 14:11:00,0.0,0.606,0.607,0.606,176346,10687632.0,0.6153
2025-01-23 14:12:00,0.0,0.607,0.607,0.606,8008,485456.0,0.6153
2025-01-23 14:13:00,0.0,0.606,0.607,0.606,195865,11869504.0,0.6152
2025-01-23 14:14:00,0.0,0.606,0.606,0.605,11002,665982.0,0.6152
2025-01-23 14:15:00,0.0,0.605,0.606,0.605,23423,1417309.0,0.6152
2025-01-23 14:16:00,0.0,0.605,0.606,0.605,91364,5527744.0,0.6152
2025-01-23 14:17:00,0.0,0.605,0.606,0.604,241931,14636980.0,0.6152
2025-01-23 14:18:00,0.0,0.605,0.605,0.604,38411,2321168.0,0.6152
2025-01-23 14:19:00,0.0,0.604,0.605,0.604,13452,812775.0,0.6152
2025-01-23 14:20:00,0.0,0.604,0.605,0.603,619130,37395487.0,0.615
2025-01-23 14:21:00,0.0,0.604,0.604,0.603,226678,13689070.0,0.615
2025-01-23 14:22:00,0.0,0.604,0.605,0.604,92407,5582039.0,0.615
2025-01-23 14:23:00,0.0,0.605,0.605,0.604,49925,3015984.0,0.615
2025-01-23 14:24:00,0.0,0.604,0.605,0.603,469761,28373467.0,0.6149
2025-01-23 14:25:00,0.0,0.603,0.604,0.603,238280,14391977.0,0.6148
2025-01-23 14:26:00,0.0,0.604,0.604,0.603,216997,13104157.0,0.6148
2025-01-23 14:27:00,0.0,0.605,0.605,0.604,93922,5673941.0,0.6148
2025-01-23 14:28:00,0.0,0.604,0.604,0.604,185632,11211722.0,0.6148
2025-01-23 14:29:00,0.0,0.605,0.605,0.603,88972,5373737.0,0.6147
2025-01-23 14:30:00,0.0,0.603,0.605,0.603,82631,4990243.0,0.6147
2025-01-23 14:31:00,0.0,0.604,0.604,0.604,35880,2166400.0,0.6147
2025-01-23 14:32:00,0.0,0.605,0.605,0.603,235707,14238970.0,0.6147
2025-01-23 14:33:00,0.0,0.603,0.605,0.603,136337,8234604.0,0.6147
2025-01-23 14:34:00,0.0,0.605,0.605,0.603,224501,13559076.0,0.6146
2025-01-23 14:35:00,0.0,0.605,0.605,0.604,10466,633115.0,0.6146
2025-01-23 14:36:00,0.0,0.605,0.605,0.604,36291,2194398.0,0.6146
2025-01-23 14:37:00,0.0,0.605,0.605,0.604,50929,3079492.0,0.6146
2025-01-23 14:38:00,0.0,0.604,0.605,0.604,11834,715597.0,0.6146
2025-01-23 14:39:00,0.0,0.605,0.605,0.604,30627,1852351.0,0.6146
2025-01-23 14:40:00,0.0,0.604,0.605,0.603,312370,18866841.0,0.6145
2025-01-23 14:41:00,0.0,0.603,0.604,0.603,20339,1227506.0,0.6145
2025-01-23 14:42:00,0.0,0.604,0.604,0.603,29999,1810799.0,0.6145
2025-01-23 14:43:00,0.0,0.604,0.604,0.603,10628,641519.0,0.6145
2025-01-23 14:44:00,0.0,0.603,0.604,0.603,62552,3772445.0,0.6145
2025-01-23 14:45:00,0.0,0.604,0.604,0.603,69515,4193616.0,0.6145
2025-01-23 14:46:00,0.0,0.603,0.604,0.603,63938,3856900.0,0.6145
2025-01-23 14:47:00,0.0,0.603,0.604,0.603,46554,2807790.0,0.6145
2025-01-23 14:48:00,0.0,0.603,0.604,0.603,48533,2928213.0,0.6145
2025-01-23 14:49:00,0.0,0.603,0.604,0.603,71113,4289835.0,0.6145
2025-01-23 14:50:00,0.0,0.603,0.604,0.603,81185,4898010.0,0.6144
2025-01-23 14:51:00,0.0,0.604,0.604,0.603,53964,3256852.0,0.6144
2025-01-23 14:52:00,0.0,0.603,0.604,0.603,443099,26719626.0,0.6144
2025-01-23 14:53:00,0.0,0.604,0.604,0.603,109610,6610538.0,0.6143
2025-01-23 14:54:00,0.0,0.604,0.604,0.603,78431,4731278.0,0.6143
2025-01-23 14:55:00,0.0,0.604,0.604,0.603,99583,6008133.0,0.6143
2025-01-23 14:56:00,0.0,0.603,0.604,0.603,169595,10233974.0,0.6143
2025-01-23 14:57:00,0.0,0.604,0.604,0.603,208342,12565127.0,0.6142
2025-01-23 14:58:00,0.0,0.604,0.604,0.603,116993,7058545.0,0.6142
2025-01-23 14:59:00,0.0,0.603,0.604,0.603,129377,7803797.0,0.6142
2025-01-23 15:00:00,0.0,0.603,0.604,0.603,186534,11253228.0,0.6142
2025-01-24 09:30:00,0.607,0.607,0.607,0.607,357740,21714818.0,0.607
2025-01-24 09:31:00,0.607,0.608,0.609,0.606,1673413,101664561.0,0.6074
2025-01-24 09:32:00,0.609,0.608,0.609,0.607,437454,26600377.0,0.6075
2025-01-24 09:33:00,0.608,0.609,0.609,0.608,155643,9471968.0,0.6076
2025-01-24 09:34:00,0.609,0.608,0.609,0.608,201649,12274882.0,0.6077
2025-01-24 09:35:00,0.609,0.608,0.609,0.608,114920,6995645.0,0.6077
2025-01-24 09:36:00,0.608,0.609,0.609,0.608,149349,9092580.0,0.6078
2025-01-24 09:37:00,0.608,0.61,0.61,0.608,1009318,61466804.0,0.6081
2025-01-24 09:38:00,0.609,0.61,0.61,0.609,1297795,79121016.0,0.6085
2025-01-24 09:39:00,0.61,0.611,0.612,0.61,963298,58859891.0,0.6088
2025-01-24 09:40:00,0.611,0.612,0.612,0.611,299824,18322577.0,0.6089
2025-01-24 09:41:00,0.612,0.611,0.612,0.61,345656,21119921.0,0.6091
2025-01-24 09:42:00,0.611,0.611,0.611,0.611,490939,29996622.0,0.6092
2025-01-24 09:43:00,0.611,0.61,0.611,0.61,105264,6430288.0,0.6092
2025-01-24 09:44:00,0.611,0.612,0.612,0.61,438333,26782658.0,0.6093
2025-01-24 09:45:00,0.611,0.611,0.612,0.611,424371,25930510.0,0.6094
2025-01-24 09:46:00,0.611,0.611,0.611,0.61,412322,25192934.0,0.6095
2025-01-24 09:47:00,0.611,0.612,0.612,0.611,723716,44287929.0,0.6097
2025-01-24 09:48:00,0.612,0.612,0.613,0.612,845246,51728440.0,0.6098
2025-01-24 09:49:00,0.612,0.613,0.613,0.612,81252,4978599.0,0.6099
2025-01-24 09:50:00,0.613,0.614,0.614,0.612,829478,50849901.0,0.6101
2025-01-24 09:51:00,0.613,0.613,0.614,0.613,42271,2593433.0,0.6101
2025-01-24 09:52:00,0.613,0.612,0.613,0.612,596316,36552952.0,0.6102
2025-01-24 09:53:00,0.612,0.612,0.612,0.612,270253,16539608.0,0.6103
2025-01-24 09:54:00,0.612,0.611,0.612,0.611,156787,9591592.0,0.6103
2025-01-24 09:55:00,0.611,0.611,0.611,0.61,434338,26538121.0,0.6103
2025-01-24 09:56:00,0.61,0.612,0.612,0.61,493026,30153285.0,0.6104
2025-01-24 09:57:00,0.612,0.612,0.613,0.612,206966,12667496.0,0.6104
2025-01-24 09:58:00,0.613,0.613,0.613,0.612,65651,4019453.0,0.6104
2025-01-24 09:59:00,0.613,0.614,0.614,0.612,497155,30481698.0,0.6105
2025-01-24 10:00:00,0.614,0.615,0.615,0.614,1076304,66087936.0,0.6108
2025-01-24 10:01:00,0.615,0.614,0.615,0.614,465669,28601125.0,0.6109
2025-01-24 10:02:00,0.614,0.615,0.615,0.614,84661,5199320.0,0.6109
2025-01-24 10:03:00,0.615,0.615,0.615,0.614,839829,51648361.0,0.6111
2025-01-24 10:04:00,0.615,0.616,0.616,0.615,183562,11301660.0,0.6111
2025-01-24 10:05:00,0.616,0.616,0.616,0.615,121924,7509299.0,0.6112
2025-01-24 10:06:00,0.616,0.615,0.616,0.614,1308652,80501373.0,0.6115
2025-01-24 10:07:00,0.615,0.615,0.615,0.614,613383,37722269.0,0.6116
2025-01-24 10:08:00,0.615,0.615,0.616,0.614,265221,16309277.0,0.6116
2025-01-24 10:09:00,0.614,0.613,0.614,0.613,281746,17299268.0,0.6117
2025-01-24 10:10:00,0.614,0.614,0.614,0.613,72228,4427766.0,0.6117
2025-01-24 10:11:00,0.614,0.612,0.614,0.612,202983,12440557.0,0.6117
2025-01-24 10:12:00,0.612,0.612,0.613,0.612,23024,1409686.0,0.6117
2025-01-24 10:13:00,0.612,0.612,0.613,0.612,387789,23732711.0,0.6117
2025-01-24 10:14:00,0.613,0.612,0.613,0.612,133561,8174602.0,0.6117
2025-01-24 10:15:00,0.612,0.614,0.615,0.612,924450,56732314.0,0.6118
2025-01-24 10:16:00,0.614,0.617,0.618,0.614,1626405,100268070.0,0.6121
2025-01-24 10:17:00,0.616,0.617,0.618,0.616,928996,57321857.0,0.6123
2025-01-24 10:18:00,0.617,0.617,0.618,0.616,678617,41870580.0,0.6124
2025-01-24 10:19:00,0.618,0.616,0.619,0.616,1251624,77316996.0,0.6127
2025-01-24 10:20:00,0.617,0.615,0.617,0.615,332402,20475611.0,0.6127
2025-01-24 10:21:00,0.615,0.615,0.616,0.615,374217,23051445.0,0.6128
2025-01-24 10:22:00,0.615,0.616,0.616,0.615,175962,10835966.0,0.6128
2025-01-24 10:23:00,0.616,0.616,0.616,0.615,488606,30049639.0,0.6128
2025-01-24 10:24:00,0.615,0.615,0.616,0.615,217454,13372685.0,0.6129
2025-01-24 10:25:00,0.615,0.616,0.616,0.614,521336,32102715.0,0.6129
2025-01-24 10:26:00,0.616,0.616,0.617,0.616,377474,23253762.0,0.613
2025-01-24 10:27:00,0.616,0.616,0.617,0.616,86691,5340227.0,0.613
2025-01-24 10:28:00,0.616,0.616,0.617,0.616,189589,11678782.0,0.613
2025-01-24 10:29:00,0.616,0.615,0.616,0.615,131555,8103451.0,0.613
2025-01-24 10:30:00,0.615,0.617,0.617,0.615,101641,6262189.0,0.613
2025-01-24 10:31:00,0.617,0.617,0.618,0.616,577069,35606245.0,0.6131
2025-01-24 10:32:00,0.617,0.616,0.617,0.616,165346,10201779.0,0.6131
2025-01-24 10:33:00,0.616,0.618,0.618,0.616,314101,19392046.0,0.6132
2025-01-24 10:34:00,0.618,0.618,0.618,0.617,598774,37004445.0,0.6132
2025-01-24 10:35:00,0.618,0.618,0.619,0.617,290368,17945828.0,0.6133
2025-01-24 10:36:00,0.618,0.618,0.619,0.618,383414,23704230.0,0.6134
2025-01-24 10:37:00,0.618,0.619,0.62,0.618,531249,32884404.0,0.6135
2025-01-24 10:38:00,0.619,0.62,0.62,0.619,130103,8063589.0,0.6135
2025-01-24 10:39:00,0.619,0.62,0.621,0.619,1439543,89249785.0,0.6138
2025-01-24 10:40:00,0.62,0.619,0.62,0.618,640689,39682118.0,0.6139
2025-01-24 10:41:00,0.619,0.619,0.62,0.619,223418,13829669.0,0.6139
2025-01-24 10:42:00,0.619,0.618,0.619,0.618,316155,19562205.0,0.6139
2025-01-24 10:43:00,0.618,0.618,0.619,0.617,475918,29411491.0,0.614
2025-01-24 10:44:00,0.618,0.619,0.619,0.618,39544,2444727.0,0.614
2025-01-24 10:45:00,0.619,0.618,0.619,0.618,319291,19763979.0,0.6141
2025-01-24 10:46:00,0.618,0.619,0.62,0.618,377609,23375214.0,0.6141
2025-01-24 10:47:00,0.618,0.62,0.62,0.618,142062,8799847.0,0.6141
2025-01-24 10:48:00,0.62,0.619,0.62,0.618,212691,13167864.0,0.6142
2025-01-24 10:49:00,0.619,0.618,0.62,0.618,147338,9121509.0,0.6142
2025-01-24 10:50:00,0.618,0.618,0.619,0.618,243176,15052534.0,0.6142
2025-01-24 10:51:00,0.618,0.618,0.618,0.618,247311,15284042.0,0.6142
2025-01-24 10:52:00,0.618,0.618,0.619,0.618,95451,5900011.0,0.6142
2025-01-24 10:53:00,0.618,0.619,0.619,0.618,447224,27664466.0,0.6143
2025-01-24 10:54:00,0.619,0.62,0.62,0.619,430092,26663389.0,0.6144
2025-01-24 10:55:00,0.62,0.62,0.621,0.62,150187,9321311.0,0.6144
2025-01-24 10:56:00,0.62,0.621,0.621,0.62,440087,27298737.0,0.6145
2025-01-24 10:57:00,0.621,0.62,0.621,0.62,53981,3351514.0,0.6145
2025-01-24 10:58:00,0.621,0.62,0.621,0.619,559785,34707164.0,0.6145
2025-01-24 10:59:00,0.62,0.62,0.621,0.619,251531,15593898.0,0.6146
2025-01-24 11:00:00,0.62,0.621,0.621,0.62,19126,1186974.0,0.6146
2025-01-24 11:01:00,0.621,0.621,0.621,0.62,151791,9425773.0,0.6146
2025-01-24 11:02:00,0.621,0.621,0.622,0.621,461291,28654199.0,0.6147
2025-01-24 11:03:00,0.621,0.621,0.622,0.621,873688,54267787.0,0.6148
2025-01-24 11:04:00,0.621,0.622,0.622,0.621,56376,3505508.0,0.6148
2025-01-24 11:05:00,0.622,0.622,0.622,0.621,121219,7538026.0,0.6149
2025-01-24 11:06:00,0.621,0.62,0.622,0.62,267548,16614443.0,0.6149
2025-01-24 11:07:00,0.62,0.619,0.621,0.619,253557,15720790.0,0.6149
2025-01-24 11:08:00,0.62,0.619,0.62,0.619,335493,20767476.0,0.615
2025-01-24 11:09:00,0.619,0.619,0.619,0.618,524307,32453986.0,0.615
2025-01-24 11:10:00,0.619,0.618,0.619,0.618,104996,6497796.0,0.615
2025-01-24 11:11:00,0.619,0.619,0.619,0.618,77944,4818756.0,0.615
2025-01-24 11:12:00,0.618,0.619,0.62,0.618,493699,30559161.0,0.6151
2025-01-24 11:13:00,0.619,0.62,0.62,0.619,32472,2012868.0,0.6151
2025-01-24 11:14:00,0.62,0.619,0.62,0.619,27094,1678017.0,0.6151
2025-01-24 11:15:00,0.62,0.619,0.62,0.619,23430,1451552.0,0.6151
2025-01-24 11:16:00,0.619,0.62,0.62,0.619,36202,2243089.0,0.6151
2025-01-24 11:17:00,0.62,0.621,0.621,0.62,276332,17134139.0,0.6151
2025-01-24 11:18:00,0.62,0.62,0.621,0.62,26971,1673938.0,0.6151
2025-01-24 11:19:00,0.62,0.621,0.622,0.62,273362,16978653.0,0.6152
2025-01-24 11:20:00,0.621,0.62,0.622,0.62,189006,11740341.0,0.6152
2025-01-24 11:21:00,0.621,0.621,0.622,0.621,199548,12392336.0,0.6152
2025-01-24 11:22:00,0.622,0.621,0.622,0.621,416092,25848522.0,0.6153
2025-01-24 11:23:00,0.621,0.621,0.621,0.62,486680,30222135.0,0.6153
2025-01-24 11:24:00,0.62,0.621,0.622,0.62,211353,13123407.0,0.6154
2025-01-24 11:25:00,0.621,0.62,0.621,0.62,286521,17770650.0,0.6154
2025-01-24 11:26:00,0.621,0.62,0.621,0.62,57628,3573307.0,0.6154
2025-01-24 11:27:00,0.62,0.621,0.621,0.62,584550,36299053.0,0.6155
2025-01-24 11:28:00,0.621,0.621,0.621,0.62,81827,5081259.0,0.6155
2025-01-24 11:29:00,0.62,0.62,0.621,0.62,205404,12738768.0,0.6155
2025-01-24 11:30:00,0.62,0.619,0.62,0.619,147614,9149982.0,0.6155
2025-01-24 13:01:00,0.62,0.62,0.621,0.62,577773,35824736.0,0.6156
2025-01-24 13:02:00,0.619,0.62,0.621,0.619,88152,5466414.0,0.6156
2025-01-24 13:03:00,0.62,0.619,0.62,0.619,431593,26737776.0,0.6156
2025-01-24 13:04:00,0.619,0.618,0.619,0.618,393657,24367058.0,0.6156
2025-01-24 13:05:00,0.618,0.618,0.618,0.618,81651,5046150.0,0.6156
2025-01-24 13:06:00,0.618,0.618,0.619,0.618,152365,9430954.0,0.6157
2025-01-24 13:07:00,0.618,0.619,0.62,0.618,124166,7685268.0,0.6157
2025-01-24 13:08:00,0.619,0.62,0.62,0.619,23830,1476310.0,0.6157
2025-01-24 13:09:00,0.62,0.619,0.62,0.619,296242,18366926.0,0.6157
2025-01-24 13:10:00,0.62,0.619,0.62,0.619,477948,29632865.0,0.6157
2025-01-24 13:11:00,0.62,0.619,0.62,0.619,12206,756432.0,0.6157
2025-01-24 13:12:00,0.619,0.62,0.62,0.619,39485,2447880.0,0.6157
2025-01-24 13:13:00,0.62,0.621,0.621,0.62,176005,10915202.0,0.6158
2025-01-24 13:14:00,0.621,0.622,0.622,0.621,284597,17675904.0,0.6158
2025-01-24 13:15:00,0.622,0.62,0.622,0.62,224325,13931694.0,0.6158
2025-01-24 13:16:00,0.62,0.621,0.622,0.62,341885,21231013.0,0.6158
2025-01-24 13:17:00,0.621,0.621,0.621,0.62,220949,13720870.0,0.6159
2025-01-24 13:18:00,0.621,0.621,0.622,0.621,12252,761467.0,0.6159
2025-01-24 13:19:00,0.621,0.622,0.622,0.621,246922,15357737.0,0.6159
2025-01-24 13:20:00,0.622,0.622,0.622,0.621,30828,1916919.0,0.6159
2025-01-24 13:21:00,0.622,0.621,0.622,0.621,34782,2162566.0,0.6159
2025-01-24 13:22:00,0.621,0.622,0.622,0.621,40988,2549194.0,0.6159
2025-01-24 13:23:00,0.621,0.621,0.622,0.621,140691,8748179.0,0.6159
2025-01-24 13:24:00,0.621,0.621,0.622,0.621,35779,2222112.0,0.6159
2025-01-24 13:25:00,0.621,0.622,0.623,0.621,454756,28288103.0,0.616
2025-01-24 13:26:00,0.622,0.622,0.623,0.622,84323,5252483.0,0.616
2025-01-24 13:27:00,0.623,0.622,0.623,0.622,674645,41981990.0,0.6161
2025-01-24 13:28:00,0.622,0.621,0.622,0.621,118944,7397709.0,0.6161
2025-01-24 13:29:00,0.622,0.621,0.622,0.621,67570,4201564.0,0.6161
2025-01-24 13:30:00,0.622,0.622,0.622,0.621,519367,32304116.0,0.6162
2025-01-24 13:31:00,0.622,0.622,0.623,0.622,83224,5179017.0,0.6162
2025-01-24 13:32:00,0.622,0.621,0.623,0.621,94227,5860422.0,0.6162
2025-01-24 13:33:00,0.622,0.621,0.622,0.621,41707,2592541.0,0.6162
2025-01-24 13:34:00,0.621,0.621,0.622,0.621,48969,3044161.0,0.6162
2025-01-24 13:35:00,0.622,0.622,0.622,0.621,266263,16559817.0,0.6162
2025-01-24 13:36:00,0.622,0.622,0.623,0.622,217029,13501568.0,0.6162
2025-01-24 13:37:00,0.623,0.623,0.623,0.622,52465,3265492.0,0.6162
2025-01-24 13:38:00,0.623,0.622,0.623,0.622,18191,1132432.0,0.6162
2025-01-24 13:39:00,0.622,0.622,0.623,0.622,58481,3637810.0,0.6163
2025-01-24 13:40:00,0.622,0.623,0.623,0.622,191322,11901185.0,0.6163
2025-01-24 13:41:00,0.623,0.623,0.623,0.622,28254,1759414.0,0.6163
2025-01-24 13:42:00,0.623,0.622,0.623,0.622,22816,1420656.0,0.6163
2025-01-24 13:43:00,0.622,0.622,0.622,0.621,325960,20275400.0,0.6163
2025-01-24 13:44:00,0.622,0.623,0.623,0.622,38093,2370260.0,0.6163
2025-01-24 13:45:00,0.623,0.624,0.624,0.622,515470,32116563.0,0.6164
2025-01-24 13:46:00,0.623,0.624,0.624,0.623,260735,16245023.0,0.6164
2025-01-24 13:47:00,0.623,0.623,0.624,0.623,70874,4415903.0,0.6164
2025-01-24 13:48:00,0.624,0.623,0.624,0.623,99796,6218162.0,0.6164
2025-01-24 13:49:00,0.623,0.622,0.623,0.622,224642,13975302.0,0.6165
2025-01-24 13:50:00,0.621,0.623,0.623,0.621,156584,9740004.0,0.6165
2025-01-24 13:51:00,0.622,0.621,0.623,0.621,119322,7422188.0,0.6165
2025-01-24 13:52:00,0.621,0.621,0.622,0.621,69959,4345876.0,0.6165
2025-01-24 13:53:00,0.622,0.62,0.622,0.62,434240,26963974.0,0.6165
2025-01-24 13:54:00,0.621,0.62,0.621,0.62,96425,5979988.0,0.6165
2025-01-24 13:55:00,0.62,0.62,0.62,0.619,609926,37810643.0,0.6166
2025-01-24 13:56:00,0.62,0.621,0.621,0.62,78013,4838844.0,0.6166
2025-01-24 13:57:00,0.621,0.622,0.622,0.62,467952,29059553.0,0.6166
2025-01-24 13:58:00,0.621,0.621,0.622,0.621,34753,2159805.0,0.6166
2025-01-24 13:59:00,0.621,0.621,0.622,0.62,191895,11917726.0,0.6166
2025-01-24 14:00:00,0.62,0.621,0.621,0.62,33757,2095536.0,0.6166
2025-01-24 14:01:00,0.621,0.622,0.622,0.621,195351,12132815.0,0.6166
2025-01-24 14:02:00,0.622,0.622,0.622,0.621,24974,1553054.0,0.6166
2025-01-24 14:03:00,0.622,0.621,0.622,0.621,30012,1866104.0,0.6167
2025-01-24 14:04:00,0.621,0.623,0.623,0.621,761760,47382033.0,0.6167
2025-01-24 14:05:00,0.623,0.622,0.623,0.622,32957,2053047.0,0.6167
2025-01-24 14:06:00,0.622,0.622,0.623,0.622,44333,2760300.0,0.6167
2025-01-24 14:07:00,0.622,0.623,0.623,0.622,82861,5156085.0,0.6167
2025-01-24 14:08:00,0.623,0.622,0.623,0.622,32523,2025490.0,0.6167
2025-01-24 14:09:00,0.623,0.622,0.623,0.622,73614,4581256.0,0.6167
2025-01-24 14:10:00,0.623,0.622,0.623,0.622,52590,3275284.0,0.6168
2025-01-24 14:11:00,0.622,0.623,0.623,0.622,39786,2476842.0,0.6168
2025-01-24 14:12:00,0.622,0.623,0.623,0.622,107978,6726715.0,0.6168
2025-01-24 14:13:00,0.623,0.622,0.623,0.622,140106,8716087.0,0.6168
2025-01-24 14:14:00,0.622,0.623,0.623,0.622,345103,21466620.0,0.6168
2025-01-24 14:15:00,0.622,0.621,0.622,0.621,305439,18978902.0,0.6168
2025-01-24 14:16:00,0.621,0.621,0.622,0.62,274834,17064695.0,0.6169
2025-01-24 14:17:00,0.622,0.621,0.622,0.621,22792,1415880.0,0.6169
2025-01-24 14:18:00,0.622,0.621,0.622,0.621,47532,2954990.0,0.6169
2025-01-24 14:19:00,0.621,0.621,0.622,0.621,43354,2693802.0,0.6169
2025-01-24 14:20:00,0.622,0.621,0.622,0.62,438232,27214746.0,0.6169
2025-01-24 14:21:00,0.621,0.621,0.622,0.621,59822,3716513.0,0.6169
2025-01-24 14:22:00,0.622,0.621,0.622,0.621,205119,12738875.0,0.6169
2025-01-24 14:23:00,0.62,0.621,0.621,0.62,226709,14076098.0,0.6169
2025-01-24 14:24:00,0.621,0.622,0.622,0.621,25183,1565320.0,0.6169
2025-01-24 14:25:00,0.621,0.622,0.622,0.621,26885,1671949.0,0.6169
2025-01-24 14:26:00,0.621,0.621,0.622,0.621,30366,1887695.0,0.6169
2025-01-24 14:27:00,0.622,0.622,0.622,0.621,54360,3378284.0,0.6169
2025-01-24 14:28:00,0.622,0.621,0.622,0.621,35817,2226201.0,0.6169
2025-01-24 14:29:00,0.621,0.621,0.622,0.621,41448,2575809.0,0.6169
2025-01-24 14:30:00,0.621,0.621,0.622,0.621,37974,2360089.0,0.6169
2025-01-24 14:31:00,0.622,0.621,0.622,0.621,105152,6538731.0,0.617
2025-01-24 14:32:00,0.622,0.621,0.622,0.621,97225,6044422.0,0.617
2025-01-24 14:33:00,0.622,0.622,0.622,0.621,124011,7710360.0,0.617
2025-01-24 14:34:00,0.621,0.623,0.623,0.621,453675,28216827.0,0.617
2025-01-24 14:35:00,0.622,0.622,0.623,0.622,128101,7969828.0,0.617
2025-01-24 14:36:00,0.622,0.623,0.623,0.622,130193,8100872.0,0.617
2025-01-24 14:37:00,0.623,0.622,0.623,0.621,340095,21149201.0,0.6171
2025-01-24 14:38:00,0.622,0.622,0.622,0.621,83821,5208910.0,0.6171
2025-01-24 14:39:00,0.621,0.621,0.622,0.621,59475,3698606.0,0.6171
2025-01-24 14:40:00,0.621,0.622,0.622,0.621,59217,3682586.0,0.6171
2025-01-24 14:41:00,0.622,0.623,0.623,0.621,373475,23231179.0,0.6171
2025-01-24 14:42:00,0.623,0.622,0.623,0.622,90361,5623329.0,0.6171
2025-01-24 14:43:00,0.623,0.622,0.623,0.622,59713,3718436.0,0.6171
2025-01-24 14:44:00,0.623,0.623,0.623,0.622,206472,12861271.0,0.6171
2025-01-24 14:45:00,0.622,0.621,0.623,0.621,563903,35075181.0,0.6172
2025-01-24 14:46:00,0.622,0.622,0.622,0.621,59563,3704118.0,0.6172
2025-01-24 14:47:00,0.622,0.622,0.622,0.621,91154,5668411.0,0.6172
2025-01-24 14:48:00,0.622,0.621,0.622,0.621,71965,4475607.0,0.6172
2025-01-24 14:49:00,0.622,0.622,0.622,0.621,85623,5325091.0,0.6172
2025-01-24 14:50:00,0.622,0.622,0.622,0.621,109971,6838870.0,0.6172
2025-01-24 14:51:00,0.622,0.622,0.622,0.621,115870,7206353.0,0.6172
2025-01-24 14:52:00,0.622,0.622,0.622,0.621,413171,25695146.0,0.6172
2025-01-24 14:53:00,0.622,0.622,0.622,0.621,172750,10742521.0,0.6173
2025-01-24 14:54:00,0.622,0.621,0.622,0.621,128477,7988567.0,0.6173
2025-01-24 14:55:00,0.621,0.621,0.622,0.621,97199,6044490.0,0.6173
2025-01-24 14:56:00,0.622,0.621,0.622,0.621,116948,7272267.0,0.6173
2025-01-24 14:57:00,0.621,0.622,0.622,0.621,269186,16736519.0,0.6173
2025-01-24 14:58:00,0.622,0.623,0.623,0.621,381329,23717883.0,0.6173
2025-01-24 14:59:00,0.623,0.622,0.623,0.621,142755,8878810.0,0.6173
2025-01-24 15:00:00,0.622,0.622,0.623,0.621,189595,11796659.0,0.6173
