ts_code,trade_date,open,high,close,low,vol
513130.SH,20210601,0.997,1.019,1.019,0.995,4344415
513130.SH,20210602,1.021,1.027,1.014,1.013,1497941
513130.SH,20210603,1.018,1.025,1.011,1.01,1039006
513130.SH,20210604,1.011,1.014,1.006,1.004,703026
513130.SH,20210607,1.008,1.01,1.002,0.998,641373
513130.SH,20210608,1.002,1.005,0.992,0.99,827086
513130.SH,20210609,0.992,0.996,0.991,0.988,414685
513130.SH,20210610,0.989,1,0.991,0.989,982557
513130.SH,20210611,0.995,1,0.991,0.99,516128
513130.SH,20210615,0.995,0.997,0.986,0.98,587525
513130.SH,20210616,0.985,0.985,0.976,0.975,473120
513130.SH,20210617,0.974,0.983,0.983,0.969,573869
513130.SH,20210618,0.986,1.006,1,0.986,857950
513130.SH,20210621,0.997,0.999,0.992,0.989,545124
513130.SH,20210622,0.994,0.994,0.982,0.981,439229
513130.SH,20210623,0.986,1.006,1.004,0.983,952941
513130.SH,20210624,1.004,1.011,1.006,1.002,845045
513130.SH,20210625,1.011,1.027,1.026,1.01,1345504
513130.SH,20210628,1.026,1.034,1.03,1.025,587774
513130.SH,20210629,1.031,1.037,1.017,1.017,515878
513130.SH,20210630,1.022,1.029,1.021,1.018,418318
513130.SH,20210701,1.02,1.023,1.01,1.009,305476
513130.SH,20210702,1.012,1.013,0.99,0.988,680451
513130.SH,20210705,0.99,0.991,0.969,0.964,1019550
513130.SH,20210706,0.97,0.972,0.96,0.952,768878
513130.SH,20210707,0.952,0.957,0.952,0.946,796996
513130.SH,20210708,0.955,0.956,0.924,0.92,1160243
513130.SH,20210709,0.923,0.938,0.937,0.904,1041104
513130.SH,20210712,0.944,0.951,0.943,0.933,757138
513130.SH,20210713,0.946,0.966,0.959,0.943,792914
513130.SH,20210714,0.956,0.965,0.959,0.956,442769
513130.SH,20210715,0.963,0.963,0.962,0.956,378208
513130.SH,20210716,0.962,0.962,0.957,0.953,359422
513130.SH,20210719,0.955,0.955,0.937,0.933,507901
513130.SH,20210720,0.93,0.939,0.925,0.92,925962
513130.SH,20210721,0.928,0.932,0.92,0.918,783252
513130.SH,20210722,0.925,0.936,0.933,0.925,480746
513130.SH,20210723,0.934,0.937,0.918,0.917,551510
513130.SH,20210726,0.9,0.902,0.867,0.855,1514906
513130.SH,20210727,0.858,0.858,0.796,0.792,2238989
513130.SH,20210728,0.808,0.818,0.805,0.785,2113395
513130.SH,20210729,0.837,0.866,0.859,0.836,2159416.08
513130.SH,20210730,0.851,0.851,0.839,0.83,1299122
513130.SH,20210802,0.842,0.856,0.851,0.836,1279618
513130.SH,20210803,0.852,0.852,0.841,0.825,1267360
513130.SH,20210804,0.838,0.867,0.859,0.831,1386594
513130.SH,20210805,0.857,0.866,0.84,0.839,1231879
513130.SH,20210806,0.844,0.847,0.843,0.835,896145
513130.SH,20210809,0.832,0.847,0.842,0.827,1129662
513130.SH,20210810,0.848,0.858,0.856,0.842,1175194
513130.SH,20210811,0.857,0.864,0.858,0.851,1007977
513130.SH,20210812,0.855,0.857,0.845,0.843,861597
513130.SH,20210813,0.844,0.844,0.826,0.823,1143912
513130.SH,20210816,0.825,0.825,0.807,0.806,1389830
513130.SH,20210817,0.805,0.805,0.784,0.78,2002226
513130.SH,20210818,0.784,0.791,0.785,0.781,1146369
513130.SH,20210819,0.788,0.788,0.768,0.765,2013966
513130.SH,20210820,0.765,0.765,0.744,0.731,3074261
513130.SH,20210823,0.757,0.774,0.76,0.755,1814756.96
513130.SH,20210824,0.772,0.8,0.799,0.772,2536632
513130.SH,20210825,0.822,0.833,0.805,0.803,2817323.66
513130.SH,20210826,0.806,0.811,0.79,0.782,1812798
513130.SH,20210827,0.792,0.81,0.79,0.79,1335492
513130.SH,20210830,0.796,0.804,0.799,0.788,1685876
513130.SH,20210831,0.802,0.819,0.818,0.791,1708027
513130.SH,20210901,0.828,0.852,0.836,0.822,2841672
513130.SH,20210902,0.854,0.864,0.848,0.845,1561561
513130.SH,20210903,0.85,0.85,0.837,0.834,1213023.44
513130.SH,20210906,0.838,0.848,0.845,0.832,1463710
513130.SH,20210907,0.856,0.868,0.863,0.851,1208275
513130.SH,20210908,0.866,0.872,0.859,0.851,1400451
513130.SH,20210909,0.846,0.846,0.825,0.824,2858692
513130.SH,20210910,0.83,0.843,0.835,0.828,1332069
513130.SH,20210913,0.83,0.83,0.819,0.814,1109598
513130.SH,20210914,0.824,0.828,0.809,0.807,1318157
513130.SH,20210915,0.805,0.805,0.789,0.788,1444416
513130.SH,20210916,0.788,0.793,0.773,0.771,2675234
513130.SH,20210917,0.778,0.808,0.807,0.778,1704042.52
513130.SH,20210922,0.786,0.797,0.796,0.785,578442
513130.SH,20210923,0.805,0.808,0.789,0.786,1645792
513130.SH,20210924,0.791,0.792,0.776,0.774,1429886
513130.SH,20210927,0.777,0.782,0.767,0.765,1503959
513130.SH,20210928,0.772,0.783,0.78,0.769,1428882
513130.SH,20210929,0.768,0.772,0.771,0.757,1685209
513130.SH,20210930,0.764,0.769,0.767,0.759,1577526
513130.SH,20211008,0.791,0.796,0.774,0.769,2066648
513130.SH,20211011,0.782,0.802,0.795,0.782,1825716
513130.SH,20211012,0.786,0.789,0.777,0.775,1654841
513130.SH,20211013,0.777,0.782,0.782,0.773,656915
513130.SH,20211014,0.786,0.789,0.788,0.784,548733
513130.SH,20211015,0.785,0.786,0.783,0.777,1157479
513130.SH,20211018,0.786,0.788,0.777,0.775,1012397
513130.SH,20211019,0.785,0.806,0.806,0.783,1725538.99
513130.SH,20211020,0.821,0.833,0.826,0.816,2225038
513130.SH,20211021,0.828,0.831,0.817,0.811,1222124
513130.SH,20211022,0.823,0.84,0.836,0.823,2332953.16
513130.SH,20211025,0.833,0.842,0.837,0.829,1380390
513130.SH,20211026,0.84,0.84,0.82,0.818,986644
513130.SH,20211027,0.81,0.812,0.795,0.793,1545311
513130.SH,20211028,0.8,0.81,0.798,0.795,909395.9
513130.SH,20211029,0.8,0.8,0.791,0.789,1008572
513130.SH,20211101,0.786,0.787,0.78,0.777,1611341
513130.SH,20211102,0.797,0.808,0.784,0.783,1822942
513130.SH,20211103,0.783,0.787,0.777,0.77,2178787
513130.SH,20211104,0.781,0.79,0.784,0.781,1082920
513130.SH,20211105,0.781,0.787,0.78,0.777,917924
513130.SH,20211108,0.777,0.777,0.766,0.766,1578415
513130.SH,20211109,0.773,0.775,0.769,0.761,975402.97
513130.SH,20211110,0.768,0.775,0.774,0.762,1344818
513130.SH,20211111,0.775,0.803,0.802,0.774,2061253
513130.SH,20211112,0.811,0.813,0.806,0.801,1635935
513130.SH,20211115,0.813,0.815,0.809,0.807,1003897
513130.SH,20211116,0.814,0.825,0.821,0.81,1625155
513130.SH,20211117,0.822,0.822,0.819,0.812,938026.73
513130.SH,20211118,0.803,0.805,0.797,0.794,1743696.27
513130.SH,20211119,0.783,0.794,0.792,0.78,1420597
513130.SH,20211122,0.794,0.797,0.788,0.786,1367318
513130.SH,20211123,0.78,0.782,0.781,0.776,1370484
513130.SH,20211124,0.78,0.785,0.781,0.774,1634594.03
513130.SH,20211125,0.783,0.785,0.784,0.772,1381925
513130.SH,20211126,0.777,0.778,0.766,0.763,2290634.62
513130.SH,20211129,0.757,0.768,0.754,0.751,1988065
513130.SH,20211130,0.754,0.756,0.736,0.732,3282537
513130.SH,20211201,0.74,0.751,0.748,0.739,1254774
513130.SH,20211202,0.739,0.744,0.74,0.735,1405192
513130.SH,20211203,0.734,0.737,0.731,0.724,2980536.05
513130.SH,20211206,0.714,0.719,0.703,0.703,3886879
513130.SH,20211207,0.717,0.729,0.728,0.711,2589404
513130.SH,20211208,0.735,0.74,0.736,0.731,3461685.1
513130.SH,20211209,0.739,0.748,0.745,0.739,1996165
513130.SH,20211210,0.743,0.751,0.74,0.739,1256129
513130.SH,20211213,0.747,0.757,0.744,0.743,4902214
513130.SH,20211214,0.736,0.738,0.723,0.723,2176274
513130.SH,20211215,0.724,0.727,0.711,0.71,2170267
513130.SH,20211216,0.712,0.713,0.709,0.701,3195553
513130.SH,20211217,0.708,0.709,0.7,0.698,2813146
513130.SH,20211220,0.698,0.702,0.681,0.68,4391737.98
513130.SH,20211221,0.678,0.69,0.689,0.674,2960679
513130.SH,20211222,0.699,0.704,0.694,0.692,1939961
513130.SH,20211223,0.697,0.701,0.695,0.688,2362112
513130.SH,20211224,0.699,0.7,0.692,0.69,1417320
513130.SH,20211227,0.692,0.695,0.692,0.691,825209
513130.SH,20211228,0.694,0.695,0.686,0.681,1375188
513130.SH,20211229,0.683,0.683,0.673,0.672,2280840
513130.SH,20211230,0.672,0.681,0.675,0.667,1942252
513130.SH,20211231,0.697,0.7,0.698,0.694,2747251.26
513130.SH,20220104,0.697,0.698,0.687,0.684,3528847
513130.SH,20220105,0.68,0.68,0.661,0.66,5062168
513130.SH,20220106,0.653,0.662,0.653,0.646,3836559
513130.SH,20220107,0.669,0.674,0.673,0.664,3364412.57
513130.SH,20220110,0.673,0.691,0.687,0.67,3770881
513130.SH,20220111,0.685,0.694,0.684,0.683,2266180.74
513130.SH,20220112,0.704,0.716,0.715,0.702,5269316.54
513130.SH,20220113,0.721,0.724,0.707,0.704,2151752
513130.SH,20220114,0.691,0.703,0.702,0.689,2455800
513130.SH,20220117,0.702,0.708,0.7,0.696,1622186
513130.SH,20220118,0.703,0.714,0.701,0.699,2786249
513130.SH,20220119,0.698,0.705,0.691,0.687,3440173.46
513130.SH,20220120,0.693,0.719,0.718,0.692,3494062
513130.SH,20220121,0.713,0.722,0.715,0.708,2775287
513130.SH,20220124,0.702,0.705,0.7,0.696,2832422.77
513130.SH,20220125,0.688,0.69,0.678,0.677,4687269
513130.SH,20220126,0.678,0.689,0.682,0.672,3018395.97
513130.SH,20220127,0.667,0.672,0.656,0.654,4339898.03
513130.SH,20220128,0.66,0.662,0.653,0.643,4105094
513130.SH,20220207,0.68,0.682,0.673,0.667,2972020
513130.SH,20220208,0.669,0.672,0.668,0.661,2202540.23
513130.SH,20220209,0.68,0.691,0.689,0.679,2860757.25
513130.SH,20220210,0.698,0.7,0.69,0.683,2239534.91
513130.SH,20220211,0.683,0.692,0.682,0.679,2303135.88
513130.SH,20220214,0.674,0.678,0.675,0.669,1824292
513130.SH,20220215,0.671,0.68,0.672,0.67,2539744
513130.SH,20220216,0.684,0.687,0.681,0.68,2750581
513130.SH,20220217,0.682,0.691,0.685,0.68,2660369
513130.SH,20220218,0.681,0.69,0.677,0.676,2660616
513130.SH,20220221,0.66,0.665,0.656,0.653,4570819
513130.SH,20220222,0.638,0.646,0.636,0.632,5678874
513130.SH,20220223,0.638,0.648,0.647,0.635,3826692
513130.SH,20220224,0.634,0.636,0.624,0.614,7713882
513130.SH,20220225,0.631,0.635,0.623,0.622,5181490.38
513130.SH,20220228,0.624,0.626,0.617,0.612,4388434.62
513130.SH,20220301,0.622,0.629,0.629,0.62,3941116
513130.SH,20220302,0.624,0.627,0.613,0.613,5749967
513130.SH,20220303,0.615,0.616,0.603,0.601,5178632
513130.SH,20220304,0.581,0.585,0.577,0.576,6774413
513130.SH,20220307,0.556,0.562,0.556,0.546,6645648
513130.SH,20220308,0.553,0.558,0.535,0.532,9109019.41
513130.SH,20220309,0.54,0.544,0.53,0.515,10355374
513130.SH,20220310,0.549,0.554,0.537,0.534,10753654
513130.SH,20220311,0.506,0.518,0.517,0.495,20910278.64
513130.SH,20220314,0.497,0.499,0.474,0.473,22267583
513130.SH,20220315,0.445,0.473,0.431,0.427,43436281
513130.SH,20220316,0.45,0.474,0.474,0.442,23069397
513130.SH,20220317,0.521,0.521,0.521,0.521,1538072
513130.SH,20220318,0.521,0.554,0.548,0.516,33844228.1
513130.SH,20220321,0.563,0.566,0.541,0.536,15620034.59
513130.SH,20220322,0.541,0.559,0.554,0.539,10064667
513130.SH,20220323,0.575,0.595,0.582,0.572,14631809.92
513130.SH,20220324,0.572,0.581,0.567,0.566,7989116
513130.SH,20220325,0.557,0.565,0.532,0.53,11090503.73
513130.SH,20220328,0.534,0.555,0.545,0.525,11633349
513130.SH,20220329,0.553,0.562,0.557,0.551,6156883
513130.SH,20220330,0.569,0.573,0.566,0.558,6872324
513130.SH,20220331,0.564,0.565,0.552,0.549,4856521
513130.SH,20220401,0.538,0.549,0.546,0.531,5863686
513130.SH,20220406,0.563,0.565,0.563,0.557,5575191
513130.SH,20220407,0.55,0.565,0.546,0.545,6624337
513130.SH,20220408,0.541,0.542,0.537,0.529,6458844
513130.SH,20220411,0.532,0.532,0.509,0.508,7095050
513130.SH,20220412,0.519,0.526,0.522,0.502,9729115
513130.SH,20220413,0.514,0.525,0.518,0.51,5999899.01
513130.SH,20220414,0.526,0.529,0.526,0.52,5391646
513130.SH,20220415,0.52,0.52,0.516,0.513,1742437
513130.SH,20220418,0.512,0.513,0.51,0.508,1306687.81
513130.SH,20220419,0.513,0.519,0.507,0.505,4268863
513130.SH,20220420,0.509,0.516,0.507,0.505,4065416
513130.SH,20220421,0.496,0.501,0.491,0.486,6653701
513130.SH,20220422,0.477,0.499,0.493,0.475,8615268
513130.SH,20220425,0.484,0.491,0.474,0.473,6996109
513130.SH,20220426,0.486,0.504,0.492,0.484,8228731.97
513130.SH,20220427,0.487,0.503,0.501,0.485,10248256
513130.SH,20220428,0.509,0.511,0.511,0.499,11019231.78
513130.SH,20220429,0.515,0.562,0.56,0.513,20263374
513130.SH,20220505,0.555,0.555,0.543,0.542,7338215
513130.SH,20220506,0.519,0.526,0.515,0.513,9408669
513130.SH,20220509,0.503,0.504,0.502,0.498,3406320
513130.SH,20220510,0.486,0.506,0.502,0.484,9931989
513130.SH,20220511,0.5,0.532,0.516,0.499,13030715.44
513130.SH,20220512,0.506,0.515,0.502,0.499,10614496.16
513130.SH,20220513,0.513,0.524,0.523,0.512,9428613.75
513130.SH,20220516,0.539,0.541,0.523,0.519,8957948
513130.SH,20220517,0.537,0.553,0.552,0.533,12953070
513130.SH,20220518,0.55,0.553,0.546,0.538,11272620
513130.SH,20220519,0.528,0.537,0.533,0.524,13191591
513130.SH,20220520,0.546,0.551,0.549,0.542,11377800
513130.SH,20220523,0.548,0.549,0.535,0.532,12733968.15
513130.SH,20220524,0.531,0.536,0.512,0.511,12407189.6
513130.SH,20220525,0.511,0.52,0.519,0.51,8526584
513130.SH,20220526,0.521,0.523,0.518,0.509,11357064
513130.SH,20220527,0.543,0.547,0.537,0.533,11468835
513130.SH,20220530,0.545,0.555,0.554,0.543,10682082.76
513130.SH,20220531,0.554,0.575,0.57,0.552,12284857.76
513130.SH,20220601,0.566,0.574,0.567,0.56,9099014
513130.SH,20220602,0.56,0.564,0.564,0.555,8815465
513130.SH,20220606,0.57,0.58,0.579,0.563,11730028.99
513130.SH,20220607,0.585,0.597,0.589,0.579,12192766
513130.SH,20220608,0.6,0.612,0.612,0.599,10271312.97
513130.SH,20220609,0.626,0.628,0.601,0.597,11152725.6
513130.SH,20220610,0.59,0.621,0.616,0.587,10880212
513130.SH,20220613,0.6,0.611,0.594,0.59,10426811
513130.SH,20220614,0.585,0.598,0.598,0.578,11215088.01
513130.SH,20220615,0.605,0.612,0.601,0.6,11293814
513130.SH,20220616,0.608,0.613,0.585,0.584,12329809
513130.SH,20220617,0.578,0.599,0.595,0.575,11069948
513130.SH,20220620,0.594,0.597,0.597,0.583,9938680.63
513130.SH,20220621,0.6,0.61,0.606,0.592,9270267.02
513130.SH,20220622,0.609,0.61,0.591,0.59,9168974
513130.SH,20220623,0.594,0.603,0.601,0.586,10632776
513130.SH,20220624,0.607,0.625,0.624,0.605,9900549
513130.SH,20220627,0.63,0.656,0.645,0.63,18459150.88
513130.SH,20220628,0.644,0.657,0.654,0.632,15408729
513130.SH,20220629,0.647,0.652,0.63,0.626,17507581
513130.SH,20220630,0.63,0.638,0.623,0.617,14394891
513130.SH,20220701,0.625,0.626,0.618,0.615,3198021.18
513130.SH,20220704,0.62,0.629,0.627,0.614,11204170
513130.SH,20220705,0.635,0.639,0.625,0.621,9912150.54
513130.SH,20220706,0.627,0.63,0.61,0.604,11698608
513130.SH,20220707,0.607,0.615,0.611,0.597,8925749
513130.SH,20220708,0.622,0.624,0.615,0.611,10546378
513130.SH,20220711,0.604,0.606,0.59,0.589,11352174
513130.SH,20220712,0.586,0.592,0.583,0.579,9663669
513130.SH,20220713,0.587,0.595,0.588,0.582,9188863
513130.SH,20220714,0.588,0.597,0.59,0.584,7522996
513130.SH,20220715,0.582,0.588,0.574,0.573,9358273
513130.SH,20220718,0.576,0.59,0.59,0.567,10142321.04
513130.SH,20220719,0.588,0.59,0.582,0.578,8220692
513130.SH,20220720,0.592,0.597,0.593,0.59,7714764
513130.SH,20220721,0.588,0.598,0.592,0.587,8901165
513130.SH,20220722,0.599,0.603,0.594,0.59,6162797.08
513130.SH,20220725,0.587,0.59,0.584,0.579,8698883
513130.SH,20220726,0.588,0.595,0.593,0.584,5961743.58
513130.SH,20220727,0.586,0.59,0.584,0.583,4834674
513130.SH,20220728,0.59,0.593,0.586,0.585,7555073.4
513130.SH,20220729,0.587,0.588,0.556,0.555,13696259
513130.SH,20220801,0.551,0.563,0.56,0.548,7887823
513130.SH,20220802,0.55,0.55,0.542,0.534,9719525
513130.SH,20220803,0.55,0.557,0.547,0.546,8652140
513130.SH,20220804,0.56,0.566,0.564,0.557,7024765
513130.SH,20220805,0.569,0.571,0.57,0.564,5973214
513130.SH,20220808,0.565,0.568,0.562,0.559,6065829
513130.SH,20220809,0.561,0.563,0.556,0.552,7344843.51
513130.SH,20220810,0.554,0.554,0.537,0.535,10152505.51
513130.SH,20220811,0.546,0.558,0.556,0.546,10022454.14
513130.SH,20220812,0.561,0.564,0.561,0.556,6578060.24
513130.SH,20220815,0.558,0.568,0.561,0.558,5430958.59
513130.SH,20220816,0.565,0.567,0.548,0.542,7868315.99
513130.SH,20220817,0.553,0.556,0.552,0.544,6440157.3
513130.SH,20220818,0.551,0.552,0.545,0.544,6006492
513130.SH,20220819,0.542,0.553,0.546,0.541,6511797
513130.SH,20220822,0.542,0.548,0.545,0.54,4914064
513130.SH,20220823,0.545,0.549,0.541,0.539,4728913
513130.SH,20220824,0.544,0.544,0.53,0.528,6670047
513130.SH,20220825,0.537,0.554,0.553,0.536,8819847.09
513130.SH,20220826,0.567,0.57,0.561,0.56,9171140
513130.SH,20220829,0.558,0.566,0.562,0.555,5417299.01
513130.SH,20220830,0.563,0.564,0.555,0.545,6596281
513130.SH,20220831,0.548,0.574,0.564,0.546,7291336.74
513130.SH,20220901,0.559,0.567,0.554,0.553,6667691.9
513130.SH,20220902,0.558,0.559,0.548,0.544,5342511.84
513130.SH,20220905,0.544,0.544,0.54,0.534,7820000.7
513130.SH,20220906,0.542,0.544,0.54,0.534,5652375
513130.SH,20220907,0.531,0.537,0.536,0.528,7042936.19
513130.SH,20220908,0.538,0.54,0.53,0.53,4486500.37
513130.SH,20220909,0.532,0.544,0.541,0.528,7304041.37
513130.SH,20220913,0.544,0.545,0.54,0.54,3173346
513130.SH,20220914,0.53,0.531,0.527,0.524,6308246
513130.SH,20220915,0.527,0.53,0.526,0.524,4386142.94
513130.SH,20220916,0.525,0.527,0.519,0.519,5923151
513130.SH,20220919,0.512,0.513,0.507,0.504,7140621
513130.SH,20220920,0.513,0.52,0.517,0.512,6649884
513130.SH,20220921,0.511,0.512,0.505,0.504,7452041
513130.SH,20220922,0.49,0.498,0.491,0.487,13307158
513130.SH,20220923,0.49,0.494,0.487,0.484,8526978
513130.SH,20220926,0.481,0.498,0.488,0.481,10340780
513130.SH,20220927,0.491,0.497,0.496,0.486,9805150
513130.SH,20220928,0.492,0.493,0.483,0.483,9323361
513130.SH,20220929,0.491,0.492,0.473,0.47,10405802
513130.SH,20220930,0.474,0.476,0.463,0.46,11553493
513130.SH,20221010,0.463,0.466,0.458,0.457,7408218
513130.SH,20221011,0.458,0.459,0.45,0.447,10860336
513130.SH,20221012,0.446,0.461,0.456,0.432,22467586
513130.SH,20221013,0.447,0.448,0.437,0.436,23582258
513130.SH,20221014,0.442,0.454,0.443,0.441,25284212.72
513130.SH,20221017,0.434,0.438,0.437,0.428,23373979.76
513130.SH,20221018,0.449,0.453,0.452,0.441,22552088.18
513130.SH,20221019,0.451,0.453,0.441,0.44,15401263.72
513130.SH,20221020,0.426,0.438,0.429,0.421,32605953.07
513130.SH,20221021,0.431,0.435,0.428,0.426,19625776.25
513130.SH,20221024,0.413,0.422,0.395,0.394,54614736.14
513130.SH,20221025,0.398,0.416,0.401,0.386,54281480.04
513130.SH,20221026,0.402,0.421,0.405,0.4,52618514.33
513130.SH,20221027,0.42,0.422,0.408,0.408,40124254.71
513130.SH,20221028,0.406,0.407,0.388,0.386,44808035.96
513130.SH,20221031,0.389,0.407,0.395,0.386,53549449.96
513130.SH,20221101,0.402,0.431,0.426,0.4,72534761.88
513130.SH,20221102,0.42,0.437,0.433,0.416,63638927.91
513130.SH,20221103,0.424,0.432,0.42,0.42,50182187.32
513130.SH,20221104,0.425,0.462,0.45,0.425,94587832.79
513130.SH,20221107,0.44,0.47,0.463,0.438,82339545.67
513130.SH,20221108,0.464,0.469,0.457,0.454,53018266.48
513130.SH,20221109,0.457,0.464,0.444,0.444,47423027.85
513130.SH,20221110,0.439,0.441,0.435,0.434,38815574.73
513130.SH,20221111,0.47,0.472,0.465,0.459,70588881.11
513130.SH,20221114,0.487,0.49,0.475,0.471,61957937.61
513130.SH,20221115,0.473,0.511,0.507,0.47,68287044.53
513130.SH,20221116,0.507,0.52,0.502,0.499,61353904.63
513130.SH,20221117,0.5,0.503,0.501,0.486,52294583
513130.SH,20221118,0.518,0.526,0.504,0.502,51537997.75
513130.SH,20221121,0.492,0.497,0.495,0.482,41319595.89
513130.SH,20221122,0.493,0.496,0.476,0.474,43787450.87
513130.SH,20221123,0.479,0.489,0.486,0.473,41049113.89
513130.SH,20221124,0.49,0.493,0.483,0.481,23473743.5
513130.SH,20221125,0.486,0.486,0.477,0.475,25529135.72
513130.SH,20221128,0.459,0.471,0.466,0.456,39421653
513130.SH,20221129,0.483,0.497,0.495,0.478,47670930.6
513130.SH,20221130,0.498,0.507,0.505,0.496,35278924.59
513130.SH,20221201,0.531,0.54,0.522,0.519,49292165.11
513130.SH,20221202,0.519,0.53,0.519,0.515,32851512.9
513130.SH,20221205,0.541,0.56,0.559,0.534,43593681.01
513130.SH,20221206,0.547,0.569,0.55,0.546,40061722.84
513130.SH,20221207,0.552,0.573,0.545,0.544,53007211.42
513130.SH,20221208,0.543,0.563,0.561,0.54,45405247.91
513130.SH,20221209,0.567,0.581,0.575,0.559,53972200.16
513130.SH,20221212,0.565,0.573,0.557,0.556,37496080.82
513130.SH,20221213,0.556,0.569,0.56,0.553,39782758.63
513130.SH,20221214,0.567,0.569,0.562,0.552,34556975.91
513130.SH,20221215,0.559,0.561,0.549,0.547,25314921.7
513130.SH,20221216,0.546,0.559,0.553,0.539,37455660.24
513130.SH,20221219,0.557,0.569,0.548,0.545,35762983.2
513130.SH,20221220,0.541,0.542,0.528,0.525,38095299.04
513130.SH,20221221,0.533,0.536,0.529,0.529,20062709.5
513130.SH,20221222,0.545,0.563,0.558,0.542,32779533.68
513130.SH,20221223,0.549,0.559,0.549,0.545,24885093.05
513130.SH,20221226,0.545,0.546,0.54,0.54,6604333
513130.SH,20221227,0.547,0.555,0.553,0.546,10789889.88
513130.SH,20221228,0.553,0.566,0.556,0.552,24768218.02
513130.SH,20221229,0.549,0.554,0.544,0.543,23475045.97
513130.SH,20221230,0.556,0.558,0.547,0.546,20971582.66
513130.SH,20230103,0.54,0.556,0.553,0.53,30673164.15
513130.SH,20230104,0.562,0.576,0.576,0.558,29410306.01
513130.SH,20230105,0.595,0.601,0.585,0.584,33981610.5
513130.SH,20230106,0.592,0.594,0.575,0.572,29637719.07
513130.SH,20230109,0.583,0.591,0.588,0.578,27778968.25
513130.SH,20230110,0.585,0.588,0.585,0.577,19403310.18
513130.SH,20230111,0.591,0.597,0.585,0.584,23018650
513130.SH,20230112,0.588,0.59,0.57,0.567,32071485.98
513130.SH,20230113,0.574,0.579,0.578,0.568,19159114.03
513130.SH,20230116,0.581,0.584,0.57,0.568,26690244.69
513130.SH,20230117,0.573,0.583,0.573,0.569,21626790.67
513130.SH,20230118,0.573,0.582,0.577,0.569,15933727
513130.SH,20230119,0.573,0.576,0.572,0.567,15212389
513130.SH,20230120,0.578,0.587,0.585,0.575,16332779.94
513130.SH,20230130,0.609,0.611,0.588,0.587,29703073.14
513130.SH,20230131,0.589,0.593,0.572,0.571,26753582.07
513130.SH,20230201,0.582,0.597,0.596,0.577,31043205.93
513130.SH,20230202,0.604,0.608,0.6,0.596,24434358.03
513130.SH,20230203,0.593,0.597,0.591,0.584,23560509.54
513130.SH,20230206,0.577,0.58,0.57,0.567,29532459.75
513130.SH,20230207,0.573,0.584,0.576,0.572,24595963
513130.SH,20230208,0.575,0.579,0.567,0.564,20501073
513130.SH,20230209,0.562,0.584,0.583,0.561,25141445.43
513130.SH,20230210,0.578,0.58,0.562,0.56,26200236.99
513130.SH,20230213,0.555,0.565,0.562,0.551,26288446.24
513130.SH,20230214,0.565,0.567,0.557,0.557,15751117.43
513130.SH,20230215,0.559,0.561,0.554,0.548,23242265.69
513130.SH,20230216,0.56,0.578,0.565,0.558,38230741.97
513130.SH,20230217,0.564,0.571,0.554,0.554,20119538.01
513130.SH,20230220,0.555,0.563,0.561,0.548,24616621.12
513130.SH,20230221,0.558,0.559,0.544,0.541,34498793.92
513130.SH,20230222,0.537,0.542,0.535,0.531,28765328
513130.SH,20230223,0.535,0.545,0.539,0.533,30960916.66
513130.SH,20230224,0.537,0.537,0.53,0.528,25925616.05
513130.SH,20230227,0.523,0.531,0.521,0.52,35554786
513130.SH,20230228,0.527,0.529,0.518,0.513,33804460.39
513130.SH,20230301,0.519,0.545,0.545,0.517,52861117.69
513130.SH,20230302,0.534,0.54,0.537,0.533,31791560.98
513130.SH,20230303,0.549,0.553,0.551,0.541,27658085.11
513130.SH,20230306,0.546,0.552,0.548,0.541,28094787.08
513130.SH,20230307,0.545,0.557,0.536,0.534,42395495.27
513130.SH,20230308,0.53,0.531,0.524,0.52,32967023
513130.SH,20230309,0.525,0.527,0.523,0.52,28045301
513130.SH,20230310,0.505,0.507,0.497,0.496,49234122.77
513130.SH,20230313,0.502,0.514,0.507,0.5,52116558.78
513130.SH,20230314,0.504,0.509,0.494,0.491,47456568.66
513130.SH,20230315,0.504,0.511,0.5,0.498,39674278.44
513130.SH,20230316,0.495,0.507,0.495,0.494,41727502.29
513130.SH,20230317,0.506,0.517,0.513,0.504,44721080.06
513130.SH,20230320,0.514,0.516,0.5,0.498,30000533
513130.SH,20230321,0.507,0.512,0.511,0.503,35522904
513130.SH,20230322,0.519,0.528,0.52,0.518,29269533.81
513130.SH,20230323,0.518,0.536,0.536,0.516,47716970.51
513130.SH,20230324,0.537,0.553,0.543,0.536,45982112.17
513130.SH,20230327,0.546,0.547,0.538,0.53,45640501.44
513130.SH,20230328,0.537,0.542,0.537,0.53,33816120.18
513130.SH,20230329,0.56,0.564,0.551,0.549,35859885.62
513130.SH,20230330,0.555,0.56,0.551,0.546,36026935.13
513130.SH,20230331,0.563,0.564,0.557,0.553,32325468.33
513130.SH,20230403,0.554,0.557,0.554,0.55,32504889.42
513130.SH,20230404,0.553,0.554,0.55,0.543,27844277.66
513130.SH,20230406,0.54,0.548,0.544,0.539,25736480.09
513130.SH,20230407,0.55,0.554,0.553,0.549,8492208
513130.SH,20230410,0.554,0.555,0.553,0.55,10458760.71
513130.SH,20230411,0.555,0.559,0.547,0.542,30129274
513130.SH,20230412,0.549,0.552,0.539,0.539,24246411
513130.SH,20230413,0.529,0.536,0.532,0.525,29525443
513130.SH,20230414,0.54,0.542,0.536,0.531,28431245
513130.SH,20230417,0.533,0.55,0.55,0.532,33273244.78
513130.SH,20230418,0.547,0.549,0.543,0.542,23525901
513130.SH,20230419,0.543,0.544,0.535,0.533,19624283.61
513130.SH,20230420,0.532,0.536,0.533,0.53,21549663
513130.SH,20230421,0.529,0.53,0.516,0.516,27058709.59
513130.SH,20230424,0.517,0.521,0.51,0.507,23150244.61
513130.SH,20230425,0.511,0.512,0.498,0.493,27673145.74
513130.SH,20230426,0.495,0.511,0.506,0.495,31342493.69
513130.SH,20230427,0.503,0.505,0.502,0.499,20061984.68
513130.SH,20230428,0.507,0.515,0.511,0.506,20508797.15
513130.SH,20230504,0.504,0.507,0.502,0.498,25574118
513130.SH,20230505,0.509,0.514,0.508,0.505,24361027.04
513130.SH,20230508,0.51,0.514,0.51,0.506,18700240.52
513130.SH,20230509,0.509,0.51,0.496,0.495,25206356.09
513130.SH,20230510,0.498,0.501,0.499,0.492,20954919.08
513130.SH,20230511,0.504,0.509,0.499,0.498,24081397.22
513130.SH,20230512,0.512,0.515,0.508,0.506,27597844.39
513130.SH,20230515,0.504,0.519,0.516,0.502,28847935.28
513130.SH,20230516,0.522,0.524,0.518,0.517,14593643.14
513130.SH,20230517,0.522,0.524,0.516,0.515,19203094.17
513130.SH,20230518,0.518,0.523,0.517,0.515,20805213.16
513130.SH,20230519,0.512,0.515,0.511,0.509,17155139.88
513130.SH,20230522,0.511,0.523,0.521,0.508,24923232.12
513130.SH,20230523,0.522,0.525,0.512,0.512,15409164
513130.SH,20230524,0.508,0.51,0.504,0.503,17456595.47
513130.SH,20230525,0.5,0.503,0.494,0.488,35684313
513130.SH,20230526,0.49,0.492,0.492,0.487,11325455
513130.SH,20230529,0.5,0.501,0.49,0.487,25232937.2
513130.SH,20230530,0.49,0.496,0.495,0.486,27425501.78
513130.SH,20230531,0.489,0.49,0.481,0.479,26840442
513130.SH,20230601,0.484,0.498,0.489,0.483,36349198.03
513130.SH,20230602,0.499,0.514,0.511,0.498,30560542.43
513130.SH,20230605,0.509,0.516,0.513,0.507,24269034.9
513130.SH,20230606,0.514,0.523,0.511,0.51,25762721.08
513130.SH,20230607,0.524,0.528,0.525,0.521,25306236.55
513130.SH,20230608,0.524,0.526,0.523,0.517,20918258.38
513130.SH,20230609,0.526,0.53,0.53,0.519,19512098.39
513130.SH,20230612,0.53,0.532,0.53,0.524,14791711.69
513130.SH,20230613,0.53,0.548,0.545,0.53,26420460.29
513130.SH,20230614,0.547,0.555,0.545,0.544,21102611
513130.SH,20230615,0.555,0.562,0.562,0.555,22245456.93
513130.SH,20230616,0.568,0.575,0.569,0.563,23460278.2
513130.SH,20230619,0.566,0.568,0.559,0.554,21009293.64
513130.SH,20230620,0.561,0.565,0.55,0.548,21696628
513130.SH,20230621,0.54,0.545,0.537,0.536,23074783.36
513130.SH,20230626,0.525,0.533,0.528,0.523,22259781.77
513130.SH,20230627,0.531,0.541,0.54,0.529,21118526.67
513130.SH,20230628,0.538,0.546,0.545,0.533,21001822.31
513130.SH,20230629,0.543,0.544,0.536,0.535,15719521
513130.SH,20230630,0.535,0.538,0.533,0.531,20483291
513130.SH,20230703,0.537,0.554,0.553,0.537,26934051
513130.SH,20230704,0.551,0.558,0.552,0.546,22282456.36
513130.SH,20230705,0.552,0.555,0.546,0.544,16634396.42
513130.SH,20230706,0.543,0.553,0.539,0.533,28245282.55
513130.SH,20230707,0.536,0.539,0.532,0.526,30549414
513130.SH,20230710,0.543,0.547,0.536,0.534,23940977.22
513130.SH,20230711,0.545,0.549,0.545,0.54,21726920
513130.SH,20230712,0.547,0.556,0.549,0.546,20421107.13
513130.SH,20230713,0.563,0.572,0.57,0.563,24652296.96
513130.SH,20230714,0.576,0.578,0.567,0.565,20154164
513130.SH,20230717,0.563,0.564,0.559,0.557,6035783.96
513130.SH,20230718,0.565,0.566,0.558,0.557,16073304
513130.SH,20230719,0.551,0.561,0.56,0.546,22318528.5
513130.SH,20230720,0.562,0.566,0.55,0.549,29606362
513130.SH,20230721,0.549,0.56,0.553,0.547,19340867.98
513130.SH,20230724,0.545,0.554,0.543,0.541,24554201
513130.SH,20230725,0.565,0.571,0.571,0.562,28868236.44
513130.SH,20230726,0.568,0.571,0.57,0.565,17492582.23
513130.SH,20230727,0.58,0.587,0.582,0.577,28863053.02
513130.SH,20230728,0.579,0.606,0.603,0.578,38194450.05
513130.SH,20230731,0.624,0.633,0.619,0.615,43313503
513130.SH,20230801,0.62,0.632,0.611,0.61,40297147
513130.SH,20230802,0.61,0.616,0.594,0.593,34973675
513130.SH,20230803,0.595,0.605,0.604,0.593,34399768
513130.SH,20230804,0.614,0.617,0.607,0.603,37903617.52
513130.SH,20230807,0.603,0.612,0.609,0.598,24016369.48
513130.SH,20230808,0.599,0.604,0.597,0.593,25467266.08
513130.SH,20230809,0.588,0.596,0.592,0.585,23645166
513130.SH,20230810,0.588,0.595,0.593,0.585,26675058
513130.SH,20230811,0.596,0.597,0.58,0.58,32342784.68
513130.SH,20230814,0.565,0.572,0.57,0.563,32754376
513130.SH,20230815,0.572,0.577,0.571,0.566,36666634
513130.SH,20230816,0.563,0.569,0.56,0.559,32745704.3
513130.SH,20230817,0.551,0.57,0.57,0.549,55168289.35
513130.SH,20230818,0.561,0.564,0.548,0.547,45151265.32
513130.SH,20230821,0.542,0.549,0.536,0.535,41288005
513130.SH,20230822,0.542,0.552,0.548,0.533,52384252.93
513130.SH,20230823,0.546,0.553,0.544,0.539,41453654.1
513130.SH,20230824,0.551,0.567,0.564,0.55,47770817.74
513130.SH,20230825,0.556,0.56,0.554,0.553,37126796.26
513130.SH,20230828,0.589,0.597,0.564,0.563,59800215.09
513130.SH,20230829,0.567,0.581,0.578,0.566,43238618.07
513130.SH,20230830,0.584,0.588,0.572,0.571,46503048.45
513130.SH,20230831,0.576,0.581,0.569,0.568,39218144.35
513130.SH,20230901,0.573,0.575,0.572,0.57,11535951.78
513130.SH,20230904,0.581,0.585,0.583,0.575,35329204.08
513130.SH,20230905,0.58,0.582,0.573,0.57,29807054.04
513130.SH,20230906,0.568,0.571,0.568,0.563,30768871.65
513130.SH,20230907,0.568,0.568,0.559,0.559,26950029.79
513130.SH,20230908,0.55,0.556,0.551,0.548,15864162
513130.SH,20230911,0.549,0.558,0.554,0.546,42695319
513130.SH,20230912,0.554,0.562,0.557,0.551,26849109.96
513130.SH,20230913,0.557,0.559,0.552,0.549,25100841.5
513130.SH,20230914,0.553,0.557,0.554,0.55,22341201
513130.SH,20230915,0.556,0.561,0.557,0.55,34746688.66
513130.SH,20230918,0.552,0.554,0.548,0.546,30361313.2
513130.SH,20230919,0.547,0.548,0.544,0.54,24427070.01
513130.SH,20230920,0.542,0.543,0.538,0.535,25008262
513130.SH,20230921,0.533,0.534,0.527,0.524,30941849.57
513130.SH,20230922,0.523,0.543,0.541,0.523,42159312.59
513130.SH,20230925,0.54,0.54,0.531,0.53,22973970
513130.SH,20230926,0.529,0.53,0.524,0.522,28815753
513130.SH,20230927,0.524,0.531,0.527,0.523,30889774.46
513130.SH,20230928,0.527,0.528,0.518,0.516,28513344.15
513130.SH,20231009,0.521,0.525,0.522,0.519,21470887.88
513130.SH,20231010,0.528,0.536,0.529,0.527,34566359.03
513130.SH,20231011,0.539,0.544,0.539,0.536,28056012.31
513130.SH,20231012,0.548,0.549,0.545,0.544,19447828.42
513130.SH,20231013,0.532,0.537,0.532,0.528,27743627.65
513130.SH,20231016,0.53,0.53,0.52,0.519,24656024
513130.SH,20231017,0.524,0.527,0.524,0.521,22692445.75
513130.SH,20231018,0.522,0.522,0.516,0.515,26895277
513130.SH,20231019,0.508,0.511,0.506,0.506,30640961.25
513130.SH,20231020,0.503,0.509,0.505,0.502,26152292
513130.SH,20231023,0.501,0.501,0.497,0.494,9655901.78
513130.SH,20231024,0.5,0.504,0.501,0.493,33596872
513130.SH,20231025,0.517,0.522,0.512,0.508,44726128.66
513130.SH,20231026,0.508,0.516,0.512,0.506,26188834.45
513130.SH,20231027,0.514,0.529,0.527,0.513,46974914.83
513130.SH,20231030,0.523,0.533,0.531,0.521,25850869.63
513130.SH,20231031,0.53,0.53,0.524,0.52,20841254.27
513130.SH,20231101,0.526,0.527,0.52,0.515,24930219.48
513130.SH,20231102,0.527,0.534,0.524,0.523,25704333.33
513130.SH,20231103,0.531,0.543,0.54,0.529,34104684.05
513130.SH,20231106,0.552,0.564,0.559,0.551,38074390.16
513130.SH,20231107,0.555,0.56,0.553,0.55,28447264.79
513130.SH,20231108,0.552,0.557,0.549,0.547,28422755.1
513130.SH,20231109,0.55,0.556,0.55,0.546,27356925.42
513130.SH,20231110,0.541,0.542,0.534,0.533,29827452
513130.SH,20231113,0.538,0.543,0.538,0.534,23976291.57
513130.SH,20231114,0.547,0.548,0.543,0.539,25197914.71
513130.SH,20231115,0.557,0.56,0.557,0.55,36804783.29
513130.SH,20231116,0.563,0.564,0.553,0.546,40055928.14
513130.SH,20231117,0.543,0.547,0.543,0.539,30629551
513130.SH,20231120,0.546,0.551,0.549,0.542,28925455.14
513130.SH,20231121,0.556,0.558,0.545,0.543,33145436.86
513130.SH,20231122,0.542,0.546,0.539,0.538,30642353.27
513130.SH,20231123,0.541,0.549,0.548,0.54,34879704.55
513130.SH,20231124,0.547,0.548,0.541,0.54,17736569.81
513130.SH,20231127,0.543,0.544,0.541,0.534,31054030.73
513130.SH,20231128,0.539,0.543,0.537,0.534,24230347.3
513130.SH,20231129,0.537,0.537,0.523,0.519,42902714.37
513130.SH,20231130,0.523,0.524,0.521,0.515,34163452.81
513130.SH,20231201,0.52,0.52,0.515,0.511,41986072.95
513130.SH,20231204,0.515,0.517,0.503,0.502,40750339.34
513130.SH,20231205,0.502,0.503,0.49,0.489,39522135.04
513130.SH,20231206,0.493,0.506,0.503,0.492,37972799.12
513130.SH,20231207,0.5,0.5,0.497,0.493,27477175
513130.SH,20231208,0.498,0.503,0.498,0.493,35127070.36
513130.SH,20231211,0.492,0.498,0.496,0.487,44997049.72
513130.SH,20231212,0.497,0.504,0.504,0.494,35595343
513130.SH,20231213,0.499,0.5,0.494,0.492,37605536
513130.SH,20231214,0.5,0.504,0.495,0.494,48123239
513130.SH,20231215,0.501,0.511,0.503,0.5,64963094.91
513130.SH,20231218,0.5,0.503,0.498,0.497,33155497.44
513130.SH,20231219,0.496,0.499,0.496,0.492,36249556
513130.SH,20231220,0.502,0.503,0.498,0.496,32868703.32
513130.SH,20231221,0.493,0.498,0.497,0.49,40352473.75
513130.SH,20231222,0.499,0.503,0.473,0.472,76774486.31
513130.SH,20231225,0.477,0.48,0.477,0.476,12202496.32
513130.SH,20231226,0.478,0.478,0.476,0.474,11534842.44
513130.SH,20231227,0.482,0.485,0.483,0.479,31052582.32
513130.SH,20231228,0.484,0.503,0.499,0.483,47503834.18
513130.SH,20231229,0.498,0.501,0.496,0.494,38658744.5
513130.SH,20240102,0.501,0.504,0.493,0.492,32368599.21
513130.SH,20240103,0.488,0.489,0.486,0.484,26394933
513130.SH,20240104,0.488,0.489,0.488,0.483,28771698.21
513130.SH,20240105,0.485,0.49,0.479,0.478,34915556.62
513130.SH,20240108,0.478,0.478,0.465,0.464,32858023.88
513130.SH,20240109,0.467,0.473,0.464,0.462,36060941.47
513130.SH,20240110,0.46,0.465,0.457,0.456,34766886.51
513130.SH,20240111,0.459,0.472,0.47,0.458,45099150.25
513130.SH,20240112,0.464,0.471,0.463,0.462,27379998.94
513130.SH,20240115,0.461,0.461,0.454,0.452,36998568.04
513130.SH,20240116,0.451,0.456,0.446,0.443,40034728.3
513130.SH,20240117,0.442,0.442,0.421,0.421,55343421
513130.SH,20240118,0.424,0.43,0.428,0.419,64218556.81
513130.SH,20240119,0.426,0.431,0.416,0.416,39472939
513130.SH,20240122,0.421,0.423,0.405,0.401,52967509.13
513130.SH,20240123,0.409,0.427,0.421,0.407,73359150.75
513130.SH,20240124,0.43,0.435,0.43,0.419,60483364.34
513130.SH,20240125,0.434,0.443,0.44,0.428,51815402.53
513130.SH,20240126,0.437,0.437,0.427,0.423,50433223.53
513130.SH,20240129,0.428,0.435,0.426,0.424,43703887
513130.SH,20240130,0.419,0.422,0.413,0.412,33528394.65
513130.SH,20240131,0.41,0.415,0.4,0.399,52464748.08
513130.SH,20240201,0.403,0.416,0.407,0.401,61038200.59
513130.SH,20240202,0.415,0.421,0.406,0.401,64624498.35
513130.SH,20240205,0.399,0.412,0.405,0.398,66402231.65
513130.SH,20240206,0.407,0.432,0.431,0.406,75241974.82
513130.SH,20240207,0.435,0.44,0.424,0.421,70348464.34
513130.SH,20240208,0.423,0.429,0.422,0.42,57081013.46
513130.SH,20240219,0.437,0.438,0.433,0.43,37715946.48
513130.SH,20240220,0.436,0.438,0.432,0.426,30184321.17
513130.SH,20240221,0.429,0.454,0.448,0.428,66527764.99
513130.SH,20240222,0.445,0.451,0.451,0.441,37738247
513130.SH,20240223,0.45,0.458,0.452,0.447,40104763.52
513130.SH,20240226,0.45,0.455,0.45,0.448,39158852
513130.SH,20240227,0.453,0.46,0.46,0.448,49541926.58
513130.SH,20240228,0.467,0.471,0.454,0.454,48246938.74
513130.SH,20240229,0.45,0.46,0.458,0.45,46839020.89
513130.SH,20240301,0.452,0.463,0.461,0.45,55730109.01
513130.SH,20240304,0.462,0.464,0.457,0.454,44984625.73
513130.SH,20240305,0.448,0.451,0.442,0.441,46803310.73
513130.SH,20240306,0.442,0.457,0.451,0.441,53686347.86
513130.SH,20240307,0.453,0.457,0.442,0.442,36449568.78
513130.SH,20240308,0.444,0.453,0.451,0.444,36966379.17
513130.SH,20240311,0.452,0.46,0.459,0.451,31780324.04
513130.SH,20240312,0.464,0.481,0.481,0.461,61473291
513130.SH,20240313,0.482,0.49,0.483,0.481,47520016
513130.SH,20240314,0.485,0.488,0.474,0.472,40529681.94
513130.SH,20240315,0.466,0.47,0.469,0.461,40681279
513130.SH,20240318,0.468,0.477,0.477,0.466,45398256
513130.SH,20240319,0.47,0.473,0.468,0.465,38198975.99
513130.SH,20240320,0.468,0.472,0.471,0.463,34576221
513130.SH,20240321,0.478,0.482,0.476,0.473,41472888.25
513130.SH,20240322,0.468,0.468,0.461,0.457,52078999
513130.SH,20240325,0.461,0.465,0.455,0.454,44558048
513130.SH,20240326,0.459,0.464,0.462,0.455,40426083.68
513130.SH,20240327,0.456,0.457,0.452,0.451,37453574
513130.SH,20240328,0.453,0.469,0.462,0.453,50865553
513130.SH,20240329,0.464,0.467,0.465,0.463,10790249.42
513130.SH,20240401,0.467,0.472,0.471,0.466,20722343.56
513130.SH,20240402,0.474,0.475,0.468,0.467,37158183.89
513130.SH,20240403,0.469,0.469,0.46,0.459,26452701
513130.SH,20240408,0.455,0.463,0.457,0.453,35744904.36
513130.SH,20240409,0.458,0.466,0.461,0.458,30515010.25
513130.SH,20240410,0.466,0.475,0.469,0.464,49821426.93
513130.SH,20240411,0.461,0.471,0.469,0.461,33266330
513130.SH,20240412,0.466,0.47,0.462,0.46,30461721.54
513130.SH,20240415,0.453,0.457,0.456,0.45,36732896
513130.SH,20240416,0.449,0.452,0.443,0.441,37685859
513130.SH,20240417,0.445,0.448,0.443,0.44,43720323.38
513130.SH,20240418,0.442,0.451,0.445,0.439,41100132.45
513130.SH,20240419,0.439,0.44,0.436,0.43,45628208.03
513130.SH,20240422,0.44,0.448,0.443,0.437,34466294.64
513130.SH,20240423,0.45,0.458,0.457,0.447,36990815
513130.SH,20240424,0.463,0.473,0.472,0.46,32867979
513130.SH,20240425,0.47,0.479,0.47,0.467,39480585
513130.SH,20240426,0.473,0.494,0.491,0.472,58925022
513130.SH,20240429,0.494,0.504,0.491,0.491,58287131.99
513130.SH,20240430,0.494,0.496,0.489,0.487,33030575
513130.SH,20240506,0.521,0.531,0.529,0.519,70364576.87
513130.SH,20240507,0.526,0.529,0.52,0.517,46140650
513130.SH,20240508,0.519,0.525,0.513,0.511,47633113
513130.SH,20240509,0.513,0.524,0.522,0.513,45930394.08
513130.SH,20240510,0.526,0.53,0.523,0.516,59484159
513130.SH,20240513,0.519,0.534,0.531,0.517,49561759
513130.SH,20240514,0.54,0.545,0.537,0.536,46627853.64
513130.SH,20240515,0.535,0.537,0.534,0.533,14582632
513130.SH,20240516,0.542,0.544,0.539,0.533,50921459.1
513130.SH,20240517,0.547,0.553,0.545,0.541,46660480
513130.SH,20240520,0.548,0.552,0.548,0.547,33935113.73
513130.SH,20240521,0.543,0.544,0.528,0.527,39916897
513130.SH,20240522,0.53,0.536,0.531,0.526,33104744
513130.SH,20240523,0.528,0.529,0.521,0.519,36025895
513130.SH,20240524,0.515,0.519,0.505,0.504,49916522
513130.SH,20240527,0.507,0.517,0.515,0.5,48617500
513130.SH,20240528,0.515,0.523,0.514,0.511,39172109.05
513130.SH,20240529,0.51,0.511,0.504,0.501,41034311
513130.SH,20240530,0.502,0.509,0.5,0.498,44813610
513130.SH,20240531,0.508,0.512,0.498,0.497,44560762
513130.SH,20240603,0.5,0.509,0.504,0.499,44022506
513130.SH,20240604,0.5,0.508,0.507,0.5,33473378
513130.SH,20240605,0.506,0.515,0.507,0.504,41973707
513130.SH,20240606,0.513,0.518,0.511,0.508,44334322
513130.SH,20240607,0.514,0.515,0.503,0.501,40535053
513130.SH,20240611,0.497,0.504,0.502,0.494,38175849
513130.SH,20240612,0.498,0.502,0.496,0.495,30554116
513130.SH,20240613,0.501,0.502,0.498,0.495,32224585
513130.SH,20240614,0.498,0.5,0.497,0.495,29134171
513130.SH,20240617,0.491,0.5,0.496,0.49,35770177
513130.SH,20240618,0.497,0.502,0.494,0.493,31146424
513130.SH,20240619,0.499,0.511,0.509,0.498,37578180
513130.SH,20240620,0.511,0.513,0.505,0.502,32327990
513130.SH,20240621,0.499,0.5,0.496,0.492,32704964
513130.SH,20240624,0.492,0.493,0.486,0.485,28199307
513130.SH,20240625,0.492,0.495,0.486,0.485,33092303
513130.SH,20240626,0.486,0.496,0.494,0.486,37554443
513130.SH,20240627,0.489,0.491,0.481,0.479,35092228
513130.SH,20240628,0.476,0.484,0.477,0.475,34617488
513130.SH,20240701,0.474,0.476,0.476,0.471,15853416
513130.SH,20240702,0.475,0.482,0.474,0.472,36194482
513130.SH,20240703,0.477,0.486,0.484,0.476,40864308.1
513130.SH,20240704,0.492,0.496,0.488,0.486,34360880
513130.SH,20240705,0.487,0.49,0.483,0.479,28278486
513130.SH,20240708,0.481,0.484,0.475,0.474,27584646
513130.SH,20240709,0.476,0.485,0.483,0.473,37614894
513130.SH,20240710,0.486,0.492,0.483,0.482,35574722
513130.SH,20240711,0.487,0.495,0.494,0.486,34279437
513130.SH,20240712,0.5,0.505,0.505,0.498,30565397
513130.SH,20240715,0.5,0.501,0.493,0.492,25578226
513130.SH,20240716,0.488,0.49,0.489,0.484,28849086
513130.SH,20240717,0.49,0.494,0.49,0.486,34707553
513130.SH,20240718,0.483,0.488,0.487,0.48,43913384
513130.SH,20240719,0.48,0.482,0.479,0.477,49280741
513130.SH,20240722,0.479,0.487,0.485,0.476,40503025
513130.SH,20240723,0.488,0.489,0.477,0.476,29617512
513130.SH,20240724,0.476,0.48,0.469,0.468,29818386
513130.SH,20240725,0.467,0.468,0.46,0.459,37614778.75
513130.SH,20240726,0.463,0.467,0.464,0.459,36659681
513130.SH,20240729,0.469,0.471,0.468,0.464,29880632
513130.SH,20240730,0.465,0.466,0.46,0.457,31613702
513130.SH,20240731,0.459,0.474,0.473,0.458,44697591
513130.SH,20240801,0.47,0.471,0.468,0.465,32673230
513130.SH,20240802,0.459,0.462,0.454,0.451,45048867
513130.SH,20240805,0.447,0.461,0.446,0.441,68429318.63
513130.SH,20240806,0.455,0.459,0.451,0.447,47342667
513130.SH,20240807,0.453,0.459,0.455,0.45,37954302
513130.SH,20240808,0.45,0.46,0.455,0.446,42414540
513130.SH,20240809,0.462,0.467,0.461,0.46,35735891.67
513130.SH,20240812,0.461,0.463,0.461,0.456,27765839.95
513130.SH,20240813,0.461,0.464,0.461,0.457,32722298
513130.SH,20240814,0.463,0.464,0.454,0.454,26032981
513130.SH,20240815,0.452,0.461,0.453,0.449,42188607
513130.SH,20240816,0.461,0.466,0.463,0.458,35593924.25
513130.SH,20240819,0.47,0.478,0.472,0.469,33516989.61
513130.SH,20240820,0.475,0.476,0.467,0.467,21769746
513130.SH,20240821,0.456,0.461,0.46,0.453,30141140.97
513130.SH,20240822,0.466,0.468,0.467,0.46,27817020
513130.SH,20240823,0.462,0.465,0.464,0.46,20458038
513130.SH,20240826,0.467,0.471,0.468,0.465,21647732
513130.SH,20240827,0.462,0.467,0.466,0.46,22537967
513130.SH,20240828,0.465,0.466,0.461,0.458,26089782
513130.SH,20240829,0.454,0.462,0.461,0.451,36758745
513130.SH,20240830,0.463,0.482,0.476,0.461,53521072.36
513130.SH,20240902,0.471,0.472,0.464,0.463,35433651
513130.SH,20240903,0.465,0.472,0.466,0.463,32006400.7
513130.SH,20240904,0.462,0.467,0.463,0.459,24021910
513130.SH,20240905,0.464,0.468,0.464,0.461,24832606.54
513130.SH,20240906,0.465,0.466,0.46,0.459,11055773.64
513130.SH,20240909,0.459,0.461,0.456,0.455,22992153
513130.SH,20240910,0.46,0.464,0.462,0.455,31347304
513130.SH,20240911,0.46,0.462,0.461,0.457,25929174
513130.SH,20240912,0.465,0.469,0.465,0.464,32109202.27
513130.SH,20240913,0.466,0.471,0.465,0.463,23407050
513130.SH,20240918,0.471,0.473,0.472,0.468,15705979
513130.SH,20240919,0.473,0.487,0.487,0.47,54665658
513130.SH,20240920,0.486,0.496,0.489,0.482,47998089.3
513130.SH,20240923,0.49,0.498,0.49,0.489,41768466
513130.SH,20240924,0.502,0.516,0.515,0.497,63976599
513130.SH,20240925,0.533,0.535,0.518,0.515,72617148
513130.SH,20240926,0.525,0.553,0.553,0.522,98204917.27
513130.SH,20240927,0.571,0.594,0.58,0.567,55687535
513130.SH,20240930,0.61,0.638,0.638,0.599,178916614
513130.SH,20241008,0.702,0.702,0.65,0.615,309880328.5
513130.SH,20241009,0.645,0.652,0.614,0.606,272018022.9
513130.SH,20241010,0.631,0.644,0.628,0.621,151583845.9
513130.SH,20241011,0.626,0.627,0.606,0.6,60791070
513130.SH,20241014,0.616,0.625,0.62,0.6,133791897.8
513130.SH,20241015,0.618,0.624,0.593,0.592,113491616
513130.SH,20241016,0.585,0.6,0.591,0.584,107407988.2
513130.SH,20241017,0.598,0.608,0.586,0.586,100387175.1
513130.SH,20241018,0.584,0.626,0.612,0.581,206285220
513130.SH,20241021,0.614,0.62,0.602,0.601,140903652.5
513130.SH,20241022,0.605,0.612,0.607,0.602,113563839.7
513130.SH,20241023,0.609,0.626,0.616,0.606,111844400
513130.SH,20241024,0.61,0.613,0.603,0.601,66536717
513130.SH,20241025,0.604,0.616,0.606,0.603,93427131
513130.SH,20241028,0.61,0.616,0.614,0.606,58892625.46
513130.SH,20241029,0.624,0.629,0.618,0.617,67434437.12
513130.SH,20241030,0.613,0.618,0.606,0.603,63409749
513130.SH,20241031,0.608,0.613,0.605,0.603,68696454
513130.SH,20241101,0.604,0.608,0.598,0.596,71762975
513130.SH,20241104,0.602,0.608,0.604,0.6,42388677
513130.SH,20241105,0.601,0.622,0.62,0.6,87783651.63
513130.SH,20241106,0.62,0.624,0.612,0.606,115521452
513130.SH,20241107,0.61,0.627,0.627,0.607,121324573
513130.SH,20241108,0.642,0.648,0.63,0.628,112000897.8
513130.SH,20241111,0.614,0.63,0.627,0.611,87852005.81
513130.SH,20241112,0.626,0.634,0.607,0.605,100152429
513130.SH,20241113,0.6,0.602,0.6,0.593,90176271
513130.SH,20241114,0.596,0.605,0.585,0.583,80136375
513130.SH,20241115,0.587,0.595,0.585,0.582,80316598
513130.SH,20241118,0.593,0.595,0.587,0.584,61166036
513130.SH,20241119,0.592,0.596,0.593,0.586,59154610.89
513130.SH,20241120,0.591,0.598,0.595,0.59,50766180
513130.SH,20241121,0.594,0.596,0.59,0.588,46730818.13
513130.SH,20241122,0.59,0.594,0.573,0.572,69838862.84
513130.SH,20241125,0.578,0.578,0.57,0.566,58375825
513130.SH,20241126,0.569,0.575,0.57,0.568,46881307
513130.SH,20241127,0.57,0.585,0.584,0.566,60212094
513130.SH,20241128,0.588,0.589,0.58,0.579,50846578
513130.SH,20241129,0.582,0.596,0.584,0.58,73368628
513130.SH,20241202,0.586,0.597,0.593,0.585,56472079
513130.SH,20241203,0.596,0.598,0.594,0.587,52116741.2
513130.SH,20241204,0.595,0.599,0.593,0.591,52285720.45
513130.SH,20241205,0.588,0.591,0.589,0.586,26138546
513130.SH,20241206,0.591,0.602,0.6,0.587,59424137
513130.SH,20241209,0.597,0.605,0.6,0.595,40565216.47
513130.SH,20241210,0.644,0.648,0.62,0.618,126524838.1
513130.SH,20241211,0.621,0.624,0.612,0.609,53932544.1
513130.SH,20241212,0.613,0.627,0.625,0.609,73802918.85
513130.SH,20241213,0.615,0.617,0.606,0.605,64230331.06
513130.SH,20241216,0.605,0.608,0.595,0.593,48700521
513130.SH,20241217,0.593,0.604,0.594,0.589,68304078
513130.SH,20241218,0.601,0.606,0.603,0.598,39994331.94
513130.SH,20241219,0.595,0.602,0.602,0.593,48077388
513130.SH,20241220,0.599,0.606,0.602,0.598,48507394
513130.SH,20241223,0.604,0.606,0.601,0.598,39082797
513130.SH,20241224,0.602,0.61,0.609,0.601,36547254.58
513130.SH,20241225,0.609,0.611,0.609,0.607,10697112.06
513130.SH,20241226,0.609,0.61,0.608,0.607,8638159
513130.SH,20241227,0.61,0.617,0.611,0.609,40266422
513130.SH,20241230,0.613,0.614,0.609,0.605,33241717
513130.SH,20241231,0.605,0.608,0.596,0.595,39293584
513130.SH,20250102,0.597,0.599,0.588,0.585,47528750.46
513130.SH,20250103,0.59,0.599,0.589,0.585,54529149
513130.SH,20250106,0.595,0.599,0.591,0.59,39864737
513130.SH,20250107,0.588,0.594,0.583,0.577,55461018.83
513130.SH,20250108,0.587,0.589,0.58,0.574,50039208
513130.SH,20250109,0.58,0.588,0.582,0.579,47137324
513130.SH,20250110,0.584,0.588,0.575,0.574,40417758.07
513130.SH,20250113,0.57,0.571,0.567,0.562,39913765
513130.SH,20250114,0.57,0.591,0.588,0.569,73520553.73
513130.SH,20250115,0.584,0.59,0.586,0.581,43781616
513130.SH,20250116,0.593,0.604,0.594,0.587,65316232
513130.SH,20250117,0.593,0.602,0.601,0.59,44803746.12
