时间,开盘,收盘,最高,最低,成交量,成交额,均价
2025-01-13 09:30:00,0.0,0.57,0.57,0.57,277210,15800970.0,0.57
2025-01-13 09:31:00,0.0,0.571,0.571,0.569,435117,24822628.0,0.5703
2025-01-13 09:32:00,0.0,0.568,0.571,0.568,619062,35251367.0,0.5699
2025-01-13 09:33:00,0.0,0.569,0.569,0.568,1074468,61066452.0,0.5692
2025-01-13 09:34:00,0.0,0.569,0.57,0.569,221732,12617893.0,0.5692
2025-01-13 09:35:00,0.0,0.568,0.569,0.568,316126,17959382.0,0.5691
2025-01-13 09:36:00,0.0,0.568,0.569,0.567,645940,36689145.0,0.5689
2025-01-13 09:37:00,0.0,0.567,0.568,0.566,481853,27321619.0,0.5687
2025-01-13 09:38:00,0.0,0.569,0.569,0.566,562431,31917162.0,0.5685
2025-01-13 09:39:00,0.0,0.568,0.569,0.567,311345,17683882.0,0.5685
2025-01-13 09:40:00,0.0,0.566,0.568,0.566,511284,28991498.0,0.5683
2025-01-13 09:41:00,0.0,0.566,0.567,0.566,677162,38328903.0,0.5681
2025-01-13 09:42:00,0.0,0.566,0.567,0.565,599800,33948499.0,0.5679
2025-01-13 09:43:00,0.0,0.564,0.566,0.563,960596,54224256.0,0.5675
2025-01-13 09:44:00,0.0,0.563,0.564,0.563,1639393,92462859.0,0.5669
2025-01-13 09:45:00,0.0,0.564,0.564,0.563,106098,5982003.0,0.5668
2025-01-13 09:46:00,0.0,0.563,0.564,0.562,933092,52531014.0,0.5665
2025-01-13 09:47:00,0.0,0.564,0.564,0.563,209972,11841300.0,0.5664
2025-01-13 09:48:00,0.0,0.564,0.564,0.563,203518,11477925.0,0.5664
2025-01-13 09:49:00,0.0,0.564,0.565,0.563,385157,21722303.0,0.5663
2025-01-13 09:50:00,0.0,0.565,0.566,0.564,342766,19367798.0,0.5663
2025-01-13 09:51:00,0.0,0.566,0.567,0.565,570880,32312752.0,0.5663
2025-01-13 09:52:00,0.0,0.566,0.566,0.565,308110,17438314.0,0.5662
2025-01-13 09:53:00,0.0,0.567,0.567,0.566,90302,5119782.0,0.5663
2025-01-13 09:54:00,0.0,0.568,0.568,0.567,497989,28242296.0,0.5663
2025-01-13 09:55:00,0.0,0.567,0.569,0.567,449677,25542585.0,0.5663
2025-01-13 09:56:00,0.0,0.567,0.568,0.567,89102,5056025.0,0.5664
2025-01-13 09:57:00,0.0,0.567,0.568,0.566,255723,14499856.0,0.5664
2025-01-13 09:58:00,0.0,0.567,0.568,0.566,235378,13346258.0,0.5664
2025-01-13 09:59:00,0.0,0.568,0.568,0.567,26932,1527602.0,0.5664
2025-01-13 10:00:00,0.0,0.567,0.567,0.566,124960,7084364.0,0.5664
2025-01-13 10:01:00,0.0,0.566,0.567,0.566,166798,9457374.0,0.5664
2025-01-13 10:02:00,0.0,0.568,0.568,0.567,203324,11528507.0,0.5664
2025-01-13 10:03:00,0.0,0.568,0.568,0.567,356660,20256768.0,0.5664
2025-01-13 10:04:00,0.0,0.567,0.568,0.567,443411,25161330.0,0.5665
2025-01-13 10:05:00,0.0,0.567,0.568,0.567,256499,14543518.0,0.5665
2025-01-13 10:06:00,0.0,0.567,0.568,0.567,52063,2952040.0,0.5665
2025-01-13 10:07:00,0.0,0.566,0.567,0.566,294027,16642132.0,0.5665
2025-01-13 10:08:00,0.0,0.566,0.567,0.565,336083,19022070.0,0.5665
2025-01-13 10:09:00,0.0,0.565,0.566,0.565,154153,8721284.0,0.5665
2025-01-13 10:10:00,0.0,0.566,0.566,0.565,88924,5025018.0,0.5664
2025-01-13 10:11:00,0.0,0.566,0.566,0.565,30836,1744378.0,0.5664
2025-01-13 10:12:00,0.0,0.565,0.566,0.565,508719,28742893.0,0.5664
2025-01-13 10:13:00,0.0,0.565,0.566,0.564,136547,7712822.0,0.5664
2025-01-13 10:14:00,0.0,0.565,0.565,0.564,32771,1849206.0,0.5664
2025-01-13 10:15:00,0.0,0.565,0.565,0.564,22985,1297074.0,0.5664
2025-01-13 10:16:00,0.0,0.565,0.565,0.565,33328,1881970.0,0.5664
2025-01-13 10:17:00,0.0,0.566,0.566,0.564,210582,11899492.0,0.5664
2025-01-13 10:18:00,0.0,0.566,0.566,0.565,12189,689668.0,0.5664
2025-01-13 10:19:00,0.0,0.566,0.566,0.566,63416,3589135.0,0.5664
2025-01-13 10:20:00,0.0,0.566,0.566,0.565,292891,16577265.0,0.5664
2025-01-13 10:21:00,0.0,0.565,0.566,0.565,93244,5274161.0,0.5663
2025-01-13 10:22:00,0.0,0.565,0.566,0.564,598729,33828368.0,0.5663
2025-01-13 10:23:00,0.0,0.565,0.566,0.565,207904,11748314.0,0.5663
2025-01-13 10:24:00,0.0,0.565,0.566,0.564,198675,11225457.0,0.5663
2025-01-13 10:25:00,0.0,0.566,0.566,0.565,30832,1744234.0,0.5663
2025-01-13 10:26:00,0.0,0.566,0.566,0.566,22210,1257086.0,0.5663
2025-01-13 10:27:00,0.0,0.566,0.566,0.565,21816,1234562.0,0.5663
2025-01-13 10:28:00,0.0,0.565,0.566,0.565,201123,11364106.0,0.5663
2025-01-13 10:29:00,0.0,0.566,0.566,0.565,23107,1306651.0,0.5663
2025-01-13 10:30:00,0.0,0.565,0.566,0.565,25862,1463581.0,0.5663
2025-01-13 10:31:00,0.0,0.565,0.566,0.565,100046,5653602.0,0.5663
2025-01-13 10:32:00,0.0,0.566,0.566,0.565,1051,59428.0,0.5663
2025-01-13 10:33:00,0.0,0.566,0.567,0.565,603538,34160414.0,0.5662
2025-01-13 10:34:00,0.0,0.565,0.566,0.565,162151,9177443.0,0.5662
2025-01-13 10:35:00,0.0,0.565,0.566,0.565,170233,9618448.0,0.5662
2025-01-13 10:36:00,0.0,0.566,0.567,0.566,324258,18353033.0,0.5662
2025-01-13 10:37:00,0.0,0.566,0.567,0.566,86078,4872233.0,0.5662
2025-01-13 10:38:00,0.0,0.566,0.567,0.566,127207,7199938.0,0.5662
2025-01-13 10:39:00,0.0,0.566,0.567,0.565,51142,2894643.0,0.5662
2025-01-13 10:40:00,0.0,0.566,0.566,0.565,70246,3975923.0,0.5662
2025-01-13 10:41:00,0.0,0.567,0.567,0.566,85463,4837240.0,0.5662
2025-01-13 10:42:00,0.0,0.567,0.567,0.566,6926,392679.0,0.5662
2025-01-13 10:43:00,0.0,0.567,0.567,0.566,576679,32697545.0,0.5662
2025-01-13 10:44:00,0.0,0.568,0.568,0.566,297401,16862781.0,0.5663
2025-01-13 10:45:00,0.0,0.567,0.568,0.567,26022,1476963.0,0.5663
2025-01-13 10:46:00,0.0,0.568,0.568,0.567,526838,29924243.0,0.5663
2025-01-13 10:47:00,0.0,0.569,0.569,0.568,221639,12590305.0,0.5663
2025-01-13 10:48:00,0.0,0.569,0.569,0.568,45478,2587032.0,0.5663
2025-01-13 10:49:00,0.0,0.569,0.569,0.568,15742,895501.0,0.5663
2025-01-13 10:50:00,0.0,0.569,0.57,0.568,541924,30835744.0,0.5664
2025-01-13 10:51:00,0.0,0.57,0.57,0.569,93149,5302273.0,0.5664
2025-01-13 10:52:00,0.0,0.569,0.57,0.569,92684,5275633.0,0.5664
2025-01-13 10:53:00,0.0,0.569,0.57,0.569,275725,15689687.0,0.5664
2025-01-13 10:54:00,0.0,0.568,0.569,0.568,60657,3447168.0,0.5664
2025-01-13 10:55:00,0.0,0.568,0.569,0.568,24064,1367225.0,0.5664
2025-01-13 10:56:00,0.0,0.568,0.569,0.568,11404,647982.0,0.5664
2025-01-13 10:57:00,0.0,0.568,0.569,0.568,21161,1202460.0,0.5664
2025-01-13 10:58:00,0.0,0.569,0.569,0.568,22145,1257873.0,0.5665
2025-01-13 10:59:00,0.0,0.569,0.569,0.568,496194,28233333.0,0.5665
2025-01-13 11:00:00,0.0,0.569,0.569,0.568,25432,1447040.0,0.5665
2025-01-13 11:01:00,0.0,0.57,0.57,0.568,940738,53589552.0,0.5666
2025-01-13 11:02:00,0.0,0.569,0.57,0.569,561108,31983143.0,0.5667
2025-01-13 11:03:00,0.0,0.57,0.57,0.569,310969,17715463.0,0.5667
2025-01-13 11:04:00,0.0,0.571,0.571,0.57,41542,2369262.0,0.5667
2025-01-13 11:05:00,0.0,0.57,0.571,0.57,5096,290556.0,0.5667
2025-01-13 11:06:00,0.0,0.57,0.571,0.57,446858,25486820.0,0.5668
2025-01-13 11:07:00,0.0,0.569,0.57,0.569,59424,3381736.0,0.5668
2025-01-13 11:08:00,0.0,0.569,0.57,0.569,29381,1671812.0,0.5668
2025-01-13 11:09:00,0.0,0.569,0.569,0.569,100349,5709864.0,0.5668
2025-01-13 11:10:00,0.0,0.569,0.57,0.568,535254,30455940.0,0.5669
2025-01-13 11:11:00,0.0,0.568,0.569,0.568,15572,884590.0,0.5669
2025-01-13 11:12:00,0.0,0.569,0.569,0.568,7528,428333.0,0.5669
2025-01-13 11:13:00,0.0,0.568,0.569,0.568,1673,95091.0,0.5669
2025-01-13 11:14:00,0.0,0.568,0.569,0.568,331825,18847692.0,0.5669
2025-01-13 11:15:00,0.0,0.568,0.569,0.568,33079,1879388.0,0.5669
2025-01-13 11:16:00,0.0,0.569,0.569,0.568,28387,1613075.0,0.5669
2025-01-13 11:17:00,0.0,0.568,0.569,0.568,13533,768914.0,0.5669
2025-01-13 11:18:00,0.0,0.569,0.569,0.568,2380,135211.0,0.5669
2025-01-13 11:19:00,0.0,0.569,0.569,0.568,31393,1786153.0,0.5669
2025-01-13 11:20:00,0.0,0.569,0.57,0.569,312164,17761679.0,0.5669
2025-01-13 11:21:00,0.0,0.57,0.57,0.569,208126,11842645.0,0.5669
2025-01-13 11:22:00,0.0,0.569,0.569,0.569,312901,17804085.0,0.5669
2025-01-13 11:23:00,0.0,0.568,0.569,0.568,11448,650406.0,0.5669
2025-01-13 11:24:00,0.0,0.568,0.569,0.568,10241,581745.0,0.5669
2025-01-13 11:25:00,0.0,0.569,0.569,0.568,116336,6607899.0,0.5669
2025-01-13 11:26:00,0.0,0.568,0.569,0.568,9511,540261.0,0.5669
2025-01-13 11:27:00,0.0,0.568,0.568,0.567,524585,29796328.0,0.567
2025-01-13 11:28:00,0.0,0.568,0.568,0.567,3830,217171.0,0.567
2025-01-13 11:29:00,0.0,0.568,0.568,0.567,7033,398979.0,0.567
2025-01-13 11:30:00,0.0,0.567,0.568,0.567,7007,397362.0,0.567
2025-01-13 13:01:00,0.0,0.567,0.567,0.566,635313,36020935.0,0.567
2025-01-13 13:02:00,0.0,0.566,0.567,0.566,4769,270064.0,0.567
2025-01-13 13:03:00,0.0,0.566,0.567,0.566,24893,1411291.0,0.567
2025-01-13 13:04:00,0.0,0.567,0.567,0.566,22236,1260704.0,0.567
2025-01-13 13:05:00,0.0,0.567,0.568,0.566,415693,23570807.0,0.567
2025-01-13 13:06:00,0.0,0.568,0.568,0.567,33262,1888227.0,0.567
2025-01-13 13:07:00,0.0,0.567,0.568,0.567,191196,10843440.0,0.567
2025-01-13 13:08:00,0.0,0.567,0.567,0.566,163394,9261115.0,0.567
2025-01-13 13:09:00,0.0,0.566,0.567,0.566,4744,268715.0,0.567
2025-01-13 13:10:00,0.0,0.567,0.567,0.566,151848,8609768.0,0.567
2025-01-13 13:11:00,0.0,0.568,0.568,0.566,100758,5713957.0,0.567
2025-01-13 13:12:00,0.0,0.568,0.568,0.567,38500,2185873.0,0.567
2025-01-13 13:13:00,0.0,0.567,0.568,0.566,154616,8767688.0,0.567
2025-01-13 13:14:00,0.0,0.567,0.568,0.567,156503,8873768.0,0.567
2025-01-13 13:15:00,0.0,0.567,0.568,0.567,42166,2391836.0,0.567
2025-01-13 13:16:00,0.0,0.567,0.568,0.567,77524,4395614.0,0.567
2025-01-13 13:17:00,0.0,0.568,0.568,0.567,24397,1385589.0,0.567
2025-01-13 13:18:00,0.0,0.568,0.568,0.567,26117,1483438.0,0.567
2025-01-13 13:19:00,0.0,0.567,0.568,0.567,13463,764603.0,0.567
2025-01-13 13:20:00,0.0,0.568,0.568,0.567,44038,2498984.0,0.567
2025-01-13 13:21:00,0.0,0.568,0.568,0.567,28211,1601352.0,0.567
2025-01-13 13:22:00,0.0,0.567,0.568,0.567,13659,775672.0,0.567
2025-01-13 13:23:00,0.0,0.567,0.568,0.567,7372,418683.0,0.567
2025-01-13 13:24:00,0.0,0.568,0.569,0.567,423076,24034467.0,0.567
2025-01-13 13:25:00,0.0,0.568,0.569,0.568,56861,3231854.0,0.567
2025-01-13 13:26:00,0.0,0.568,0.568,0.568,444269,25234451.0,0.567
2025-01-13 13:27:00,0.0,0.569,0.569,0.568,121664,6911349.0,0.567
2025-01-13 13:28:00,0.0,0.568,0.569,0.568,103880,5901409.0,0.567
2025-01-13 13:29:00,0.0,0.567,0.568,0.567,56887,3231102.0,0.567
2025-01-13 13:30:00,0.0,0.567,0.567,0.567,450257,25529615.0,0.567
2025-01-13 13:31:00,0.0,0.567,0.568,0.566,123922,7026325.0,0.567
2025-01-13 13:32:00,0.0,0.568,0.568,0.567,14325,813379.0,0.567
2025-01-13 13:33:00,0.0,0.567,0.568,0.567,20979,1191589.0,0.567
2025-01-13 13:34:00,0.0,0.568,0.568,0.567,12397,704007.0,0.567
2025-01-13 13:35:00,0.0,0.568,0.568,0.567,24492,1390915.0,0.567
2025-01-13 13:36:00,0.0,0.568,0.568,0.567,49769,2826728.0,0.567
2025-01-13 13:37:00,0.0,0.568,0.568,0.567,29686,1685281.0,0.567
2025-01-13 13:38:00,0.0,0.568,0.568,0.568,15700,891725.0,0.567
2025-01-13 13:39:00,0.0,0.568,0.568,0.567,30184,1713517.0,0.567
2025-01-13 13:40:00,0.0,0.567,0.568,0.567,44298,2512701.0,0.567
2025-01-13 13:41:00,0.0,0.567,0.567,0.567,3333,188981.0,0.567
2025-01-13 13:42:00,0.0,0.567,0.568,0.567,9503,538844.0,0.567
2025-01-13 13:43:00,0.0,0.568,0.568,0.567,4481,254459.0,0.567
2025-01-13 13:44:00,0.0,0.568,0.568,0.567,19410,1102383.0,0.567
2025-01-13 13:45:00,0.0,0.568,0.568,0.567,6089,345739.0,0.567
2025-01-13 13:46:00,0.0,0.567,0.568,0.567,5158,292478.0,0.567
2025-01-13 13:47:00,0.0,0.567,0.567,0.567,76524,4339911.0,0.567
2025-01-13 13:48:00,0.0,0.567,0.568,0.567,17484,991873.0,0.567
2025-01-13 13:49:00,0.0,0.567,0.568,0.566,305229,17305591.0,0.567
2025-01-13 13:50:00,0.0,0.567,0.567,0.567,24133,1368320.0,0.567
2025-01-13 13:51:00,0.0,0.567,0.567,0.566,73906,4191120.0,0.567
2025-01-13 13:52:00,0.0,0.567,0.568,0.567,6560,372502.0,0.567
2025-01-13 13:53:00,0.0,0.568,0.568,0.567,1549,87974.0,0.567
2025-01-13 13:54:00,0.0,0.568,0.568,0.567,3697,209774.0,0.567
2025-01-13 13:55:00,0.0,0.568,0.569,0.568,724285,41152929.0,0.567
2025-01-13 13:56:00,0.0,0.569,0.569,0.568,39052,2220153.0,0.567
2025-01-13 13:57:00,0.0,0.568,0.569,0.568,7175,408160.0,0.567
2025-01-13 13:58:00,0.0,0.569,0.569,0.568,3176,180701.0,0.567
2025-01-13 13:59:00,0.0,0.569,0.569,0.568,24841,1412845.0,0.567
2025-01-13 14:00:00,0.0,0.569,0.569,0.568,41237,2346373.0,0.567
2025-01-13 14:01:00,0.0,0.569,0.569,0.568,14361,816797.0,0.567
2025-01-13 14:02:00,0.0,0.568,0.569,0.567,593388,33705125.0,0.5671
2025-01-13 14:03:00,0.0,0.568,0.569,0.567,74151,4212511.0,0.5671
2025-01-13 14:04:00,0.0,0.568,0.569,0.568,319783,18166700.0,0.5671
2025-01-13 14:05:00,0.0,0.568,0.568,0.567,111371,6326062.0,0.5671
2025-01-13 14:06:00,0.0,0.568,0.568,0.567,5413,307060.0,0.5671
2025-01-13 14:07:00,0.0,0.568,0.568,0.567,43454,2464349.0,0.5671
2025-01-13 14:08:00,0.0,0.568,0.568,0.567,17312,981855.0,0.5671
2025-01-13 14:09:00,0.0,0.567,0.568,0.567,2624,148844.0,0.5671
2025-01-13 14:10:00,0.0,0.568,0.568,0.567,322,18283.0,0.5671
2025-01-13 14:11:00,0.0,0.568,0.568,0.567,30597,1735210.0,0.5671
2025-01-13 14:12:00,0.0,0.567,0.568,0.567,3989,226221.0,0.5671
2025-01-13 14:13:00,0.0,0.568,0.568,0.567,3712,210599.0,0.5671
2025-01-13 14:14:00,0.0,0.567,0.568,0.567,232291,13172114.0,0.5671
2025-01-13 14:15:00,0.0,0.567,0.567,0.567,355401,20151255.0,0.5671
2025-01-13 14:16:00,0.0,0.567,0.567,0.567,226984,12869993.0,0.5671
2025-01-13 14:17:00,0.0,0.567,0.567,0.566,309211,17531809.0,0.5671
2025-01-13 14:18:00,0.0,0.566,0.567,0.566,3382,191550.0,0.5671
2025-01-13 14:19:00,0.0,0.566,0.567,0.566,5138,291202.0,0.5671
2025-01-13 14:20:00,0.0,0.567,0.567,0.566,150752,8547634.0,0.5671
2025-01-13 14:21:00,0.0,0.567,0.568,0.567,6843,388114.0,0.5671
2025-01-13 14:22:00,0.0,0.567,0.568,0.567,85775,4863549.0,0.5671
2025-01-13 14:23:00,0.0,0.567,0.567,0.567,115151,6529065.0,0.5671
2025-01-13 14:24:00,0.0,0.566,0.567,0.566,55931,3171079.0,0.5671
2025-01-13 14:25:00,0.0,0.567,0.567,0.566,8809,499470.0,0.5671
2025-01-13 14:26:00,0.0,0.567,0.567,0.567,26211,1486147.0,0.5671
2025-01-13 14:27:00,0.0,0.567,0.568,0.567,44212,2506981.0,0.5671
2025-01-13 14:28:00,0.0,0.567,0.568,0.567,2403,136418.0,0.5671
2025-01-13 14:29:00,0.0,0.567,0.568,0.567,114188,6474569.0,0.5671
2025-01-13 14:30:00,0.0,0.566,0.567,0.566,3228,182890.0,0.5671
2025-01-13 14:31:00,0.0,0.567,0.567,0.566,28366,1605634.0,0.5671
2025-01-13 14:32:00,0.0,0.567,0.567,0.566,35944,2037000.0,0.5671
2025-01-13 14:33:00,0.0,0.566,0.567,0.566,23149,1312252.0,0.5671
2025-01-13 14:34:00,0.0,0.566,0.567,0.566,35284,2000123.0,0.5671
2025-01-13 14:35:00,0.0,0.566,0.567,0.566,12557,711874.0,0.5671
2025-01-13 14:36:00,0.0,0.567,0.567,0.566,3224,182564.0,0.5671
2025-01-13 14:37:00,0.0,0.567,0.567,0.566,22061,1250721.0,0.5671
2025-01-13 14:38:00,0.0,0.567,0.567,0.566,42789,2423668.0,0.5671
2025-01-13 14:39:00,0.0,0.567,0.567,0.566,19830,1124131.0,0.5671
2025-01-13 14:40:00,0.0,0.567,0.567,0.566,27601,1562738.0,0.5671
2025-01-13 14:41:00,0.0,0.566,0.567,0.566,19270,1091297.0,0.5671
2025-01-13 14:42:00,0.0,0.567,0.567,0.566,16095,912330.0,0.5671
2025-01-13 14:43:00,0.0,0.567,0.567,0.566,28408,1610154.0,0.5671
2025-01-13 14:44:00,0.0,0.566,0.567,0.566,15251,863291.0,0.5671
2025-01-13 14:45:00,0.0,0.567,0.567,0.566,40276,2283028.0,0.5671
2025-01-13 14:46:00,0.0,0.566,0.567,0.566,4710,266824.0,0.5671
2025-01-13 14:47:00,0.0,0.567,0.568,0.566,502965,28523051.0,0.5671
2025-01-13 14:48:00,0.0,0.568,0.568,0.567,63657,3609426.0,0.5671
2025-01-13 14:49:00,0.0,0.567,0.568,0.567,34048,1933404.0,0.5671
2025-01-13 14:50:00,0.0,0.568,0.568,0.567,35451,2012279.0,0.5671
2025-01-13 14:51:00,0.0,0.567,0.568,0.567,58079,3293416.0,0.5671
2025-01-13 14:52:00,0.0,0.568,0.568,0.567,17467,990700.0,0.5671
2025-01-13 14:53:00,0.0,0.568,0.568,0.567,45421,2577780.0,0.5671
2025-01-13 14:54:00,0.0,0.568,0.568,0.567,44289,2512418.0,0.5671
2025-01-13 14:55:00,0.0,0.568,0.568,0.567,56892,3228961.0,0.5671
2025-01-13 14:56:00,0.0,0.567,0.568,0.567,49279,2796416.0,0.5671
2025-01-13 14:57:00,0.0,0.568,0.568,0.567,57668,3271472.0,0.5671
2025-01-13 14:58:00,0.0,0.568,0.568,0.567,86880,4932537.0,0.5671
2025-01-13 14:59:00,0.0,0.567,0.568,0.567,46928,2664538.0,0.5671
2025-01-13 15:00:00,0.0,0.567,0.568,0.567,214568,12173115.0,0.5671
2025-01-14 09:30:00,0.0,0.57,0.57,0.57,147079,8383503.0,0.57
2025-01-14 09:31:00,0.0,0.571,0.572,0.569,1439493,82097835.0,0.5703
2025-01-14 09:32:00,0.0,0.571,0.572,0.571,315316,18006421.0,0.5704
2025-01-14 09:33:00,0.0,0.572,0.573,0.571,1012305,57869997.0,0.5709
2025-01-14 09:34:00,0.0,0.573,0.573,0.572,117589,6730047.0,0.5709
2025-01-14 09:35:00,0.0,0.571,0.573,0.571,418151,23921079.0,0.5711
2025-01-14 09:36:00,0.0,0.571,0.572,0.571,174180,9950981.0,0.5711
2025-01-14 09:37:00,0.0,0.571,0.571,0.57,884675,50516957.0,0.5711
2025-01-14 09:38:00,0.0,0.57,0.571,0.57,142840,8155418.0,0.5711
2025-01-14 09:39:00,0.0,0.571,0.572,0.57,443571,25327632.0,0.571
2025-01-14 09:40:00,0.0,0.572,0.573,0.571,570694,32644726.0,0.5711
2025-01-14 09:41:00,0.0,0.572,0.573,0.572,186347,10663273.0,0.5712
2025-01-14 09:42:00,0.0,0.572,0.572,0.571,101527,5799786.0,0.5712
2025-01-14 09:43:00,0.0,0.57,0.572,0.57,506812,28938514.0,0.5712
2025-01-14 09:44:00,0.0,0.572,0.572,0.57,151088,8627682.0,0.5712
2025-01-14 09:45:00,0.0,0.572,0.572,0.571,139549,7980695.0,0.5712
2025-01-14 09:46:00,0.0,0.573,0.573,0.571,537679,30757192.0,0.5712
2025-01-14 09:47:00,0.0,0.572,0.573,0.571,404100,23115844.0,0.5713
2025-01-14 09:48:00,0.0,0.572,0.572,0.571,159776,9138938.0,0.5713
2025-01-14 09:49:00,0.0,0.572,0.572,0.571,251857,14405231.0,0.5713
2025-01-14 09:50:00,0.0,0.572,0.572,0.571,260133,14879249.0,0.5713
2025-01-14 09:51:00,0.0,0.572,0.573,0.572,391972,22421509.0,0.5714
2025-01-14 09:52:00,0.0,0.573,0.573,0.571,233305,13345856.0,0.5714
2025-01-14 09:53:00,0.0,0.573,0.573,0.572,96478,5520288.0,0.5714
2025-01-14 09:54:00,0.0,0.572,0.573,0.572,208015,11918138.0,0.5714
2025-01-14 09:55:00,0.0,0.573,0.574,0.572,777047,44524217.0,0.5715
2025-01-14 09:56:00,0.0,0.573,0.574,0.573,584148,33479090.0,0.5716
2025-01-14 09:57:00,0.0,0.573,0.574,0.573,229405,13150604.0,0.5717
2025-01-14 09:58:00,0.0,0.574,0.575,0.573,666483,38255631.0,0.5718
2025-01-14 09:59:00,0.0,0.575,0.576,0.574,798568,45920089.0,0.572
2025-01-14 10:00:00,0.0,0.574,0.576,0.574,373123,21455471.0,0.5721
2025-01-14 10:01:00,0.0,0.575,0.575,0.574,93990,5395604.0,0.5721
2025-01-14 10:02:00,0.0,0.573,0.575,0.573,677554,38891978.0,0.5722
2025-01-14 10:03:00,0.0,0.573,0.574,0.573,58380,3346842.0,0.5722
2025-01-14 10:04:00,0.0,0.574,0.574,0.573,137581,7884514.0,0.5722
2025-01-14 10:05:00,0.0,0.573,0.574,0.573,31931,1830028.0,0.5722
2025-01-14 10:06:00,0.0,0.572,0.573,0.572,470824,26977756.0,0.5723
2025-01-14 10:07:00,0.0,0.573,0.573,0.572,70227,4017505.0,0.5723
2025-01-14 10:08:00,0.0,0.573,0.573,0.572,285491,16357516.0,0.5723
2025-01-14 10:09:00,0.0,0.573,0.574,0.573,382931,21942717.0,0.5723
2025-01-14 10:10:00,0.0,0.573,0.573,0.572,447271,25628481.0,0.5723
2025-01-14 10:11:00,0.0,0.572,0.573,0.572,432435,24737449.0,0.5723
2025-01-14 10:12:00,0.0,0.573,0.573,0.572,66479,3803401.0,0.5723
2025-01-14 10:13:00,0.0,0.573,0.574,0.572,591979,33910940.0,0.5723
2025-01-14 10:14:00,0.0,0.574,0.574,0.573,123895,7111413.0,0.5723
2025-01-14 10:15:00,0.0,0.574,0.574,0.573,15777,905264.0,0.5723
2025-01-14 10:16:00,0.0,0.573,0.574,0.573,26883,1541523.0,0.5723
2025-01-14 10:17:00,0.0,0.574,0.574,0.573,9978,572357.0,0.5723
2025-01-14 10:18:00,0.0,0.574,0.575,0.573,553119,31748747.0,0.5724
2025-01-14 10:19:00,0.0,0.575,0.575,0.574,162098,9320150.0,0.5724
2025-01-14 10:20:00,0.0,0.575,0.575,0.574,51064,2935807.0,0.5724
2025-01-14 10:21:00,0.0,0.575,0.576,0.575,1158250,66601584.0,0.5726
2025-01-14 10:22:00,0.0,0.575,0.576,0.574,288723,16601661.0,0.5726
2025-01-14 10:23:00,0.0,0.576,0.577,0.575,626392,36080975.0,0.5727
2025-01-14 10:24:00,0.0,0.577,0.577,0.576,328647,18962620.0,0.5728
2025-01-14 10:25:00,0.0,0.575,0.577,0.575,545956,31447737.0,0.5729
2025-01-14 10:26:00,0.0,0.576,0.576,0.575,331961,19119902.0,0.5729
2025-01-14 10:27:00,0.0,0.577,0.577,0.576,207959,11979532.0,0.573
2025-01-14 10:28:00,0.0,0.577,0.578,0.576,429136,24764243.0,0.573
2025-01-14 10:29:00,0.0,0.577,0.578,0.577,85699,4950382.0,0.5731
2025-01-14 10:30:00,0.0,0.577,0.578,0.576,1328446,76650327.0,0.5733
2025-01-14 10:31:00,0.0,0.576,0.578,0.576,374549,21611500.0,0.5734
2025-01-14 10:32:00,0.0,0.577,0.577,0.576,425693,24561536.0,0.5734
2025-01-14 10:33:00,0.0,0.578,0.578,0.577,55222,3186629.0,0.5734
2025-01-14 10:34:00,0.0,0.577,0.578,0.577,591420,34126856.0,0.5735
2025-01-14 10:35:00,0.0,0.578,0.578,0.577,753906,43500507.0,0.5736
2025-01-14 10:36:00,0.0,0.578,0.578,0.577,23376,1348979.0,0.5736
2025-01-14 10:37:00,0.0,0.578,0.579,0.577,715378,41345221.0,0.5737
2025-01-14 10:38:00,0.0,0.578,0.579,0.578,256957,14852490.0,0.5738
2025-01-14 10:39:00,0.0,0.578,0.579,0.577,365276,21113150.0,0.5738
2025-01-14 10:40:00,0.0,0.577,0.578,0.577,12680,732043.0,0.5738
2025-01-14 10:41:00,0.0,0.577,0.578,0.577,417256,24075787.0,0.5739
2025-01-14 10:42:00,0.0,0.576,0.577,0.576,446789,25735221.0,0.5739
2025-01-14 10:43:00,0.0,0.576,0.577,0.576,54391,3134103.0,0.5739
2025-01-14 10:44:00,0.0,0.576,0.577,0.576,324223,18676379.0,0.574
2025-01-14 10:45:00,0.0,0.576,0.577,0.576,47971,2763138.0,0.574
2025-01-14 10:46:00,0.0,0.576,0.577,0.576,18838,1086406.0,0.574
2025-01-14 10:47:00,0.0,0.577,0.577,0.576,476609,27500427.0,0.574
2025-01-14 10:48:00,0.0,0.578,0.578,0.577,472908,27333800.0,0.5741
2025-01-14 10:49:00,0.0,0.579,0.579,0.577,429929,24849769.0,0.5741
2025-01-14 10:50:00,0.0,0.577,0.578,0.577,263267,15217282.0,0.5742
2025-01-14 10:51:00,0.0,0.578,0.579,0.577,254864,14731425.0,0.5742
2025-01-14 10:52:00,0.0,0.58,0.58,0.578,505810,29286506.0,0.5743
2025-01-14 10:53:00,0.0,0.579,0.58,0.579,301802,17481136.0,0.5743
2025-01-14 10:54:00,0.0,0.579,0.579,0.579,442646,25629364.0,0.5744
2025-01-14 10:55:00,0.0,0.58,0.58,0.579,52394,3033991.0,0.5744
2025-01-14 10:56:00,0.0,0.578,0.58,0.578,314672,18220006.0,0.5745
2025-01-14 10:57:00,0.0,0.579,0.58,0.579,319342,18491254.0,0.5745
2025-01-14 10:58:00,0.0,0.58,0.581,0.579,691843,40128408.0,0.5746
2025-01-14 10:59:00,0.0,0.58,0.581,0.58,113520,6590357.0,0.5746
2025-01-14 11:00:00,0.0,0.581,0.581,0.58,69233,4020880.0,0.5747
2025-01-14 11:01:00,0.0,0.581,0.581,0.58,574285,33365651.0,0.5748
2025-01-14 11:02:00,0.0,0.58,0.581,0.58,774897,44949511.0,0.5749
2025-01-14 11:03:00,0.0,0.58,0.581,0.58,55466,3218511.0,0.5749
2025-01-14 11:04:00,0.0,0.58,0.581,0.58,26290,1525567.0,0.5749
2025-01-14 11:05:00,0.0,0.58,0.581,0.58,21796,1264722.0,0.5749
2025-01-14 11:06:00,0.0,0.582,0.582,0.58,567483,32970377.0,0.575
2025-01-14 11:07:00,0.0,0.581,0.582,0.581,73828,4293605.0,0.575
2025-01-14 11:08:00,0.0,0.58,0.582,0.58,363981,21146074.0,0.5751
2025-01-14 11:09:00,0.0,0.581,0.582,0.58,456996,26551667.0,0.5752
2025-01-14 11:10:00,0.0,0.582,0.582,0.581,918182,53436352.0,0.5753
2025-01-14 11:11:00,0.0,0.583,0.583,0.582,44427,2588888.0,0.5753
2025-01-14 11:12:00,0.0,0.584,0.584,0.582,512195,29865249.0,0.5755
2025-01-14 11:13:00,0.0,0.583,0.584,0.583,428563,24989834.0,0.5755
2025-01-14 11:14:00,0.0,0.584,0.584,0.583,41948,2446876.0,0.5755
2025-01-14 11:15:00,0.0,0.585,0.585,0.584,480529,28064711.0,0.5757
2025-01-14 11:16:00,0.0,0.582,0.585,0.582,545829,31854311.0,0.5758
2025-01-14 11:17:00,0.0,0.582,0.583,0.582,45890,2672651.0,0.5758
2025-01-14 11:18:00,0.0,0.581,0.583,0.581,503261,29289114.0,0.5759
2025-01-14 11:19:00,0.0,0.581,0.581,0.581,82438,4790337.0,0.5759
2025-01-14 11:20:00,0.0,0.581,0.582,0.581,175935,10234688.0,0.5759
2025-01-14 11:21:00,0.0,0.583,0.583,0.581,391652,22794360.0,0.576
2025-01-14 11:22:00,0.0,0.582,0.583,0.582,24738,1440514.0,0.576
2025-01-14 11:23:00,0.0,0.582,0.583,0.582,21523,1252914.0,0.576
2025-01-14 11:24:00,0.0,0.582,0.583,0.581,230753,13430418.0,0.576
2025-01-14 11:25:00,0.0,0.581,0.582,0.58,741012,43065486.0,0.5761
2025-01-14 11:26:00,0.0,0.581,0.582,0.58,162569,9446585.0,0.5761
2025-01-14 11:27:00,0.0,0.581,0.581,0.58,407128,23651364.0,0.5762
2025-01-14 11:28:00,0.0,0.581,0.581,0.58,89255,5185867.0,0.5762
2025-01-14 11:29:00,0.0,0.58,0.581,0.58,16677,967582.0,0.5762
2025-01-14 11:30:00,0.0,0.58,0.581,0.58,55363,3212424.0,0.5762
2025-01-14 13:01:00,0.0,0.583,0.583,0.58,1686722,98037162.0,0.5764
2025-01-14 13:02:00,0.0,0.581,0.583,0.581,141823,8255933.0,0.5764
2025-01-14 13:03:00,0.0,0.581,0.582,0.581,63265,3675745.0,0.5764
2025-01-14 13:04:00,0.0,0.582,0.582,0.581,269123,15661960.0,0.5764
2025-01-14 13:05:00,0.0,0.582,0.583,0.581,290697,16919379.0,0.5765
2025-01-14 13:06:00,0.0,0.582,0.583,0.582,149516,8701876.0,0.5765
2025-01-14 13:07:00,0.0,0.583,0.583,0.582,159259,9284427.0,0.5765
2025-01-14 13:08:00,0.0,0.584,0.584,0.583,680603,39679768.0,0.5766
2025-01-14 13:09:00,0.0,0.583,0.584,0.583,248128,14467595.0,0.5767
2025-01-14 13:10:00,0.0,0.583,0.584,0.583,280955,16380184.0,0.5767
2025-01-14 13:11:00,0.0,0.583,0.584,0.583,20036,1169192.0,0.5767
2025-01-14 13:12:00,0.0,0.583,0.584,0.583,25232,1471934.0,0.5767
2025-01-14 13:13:00,0.0,0.583,0.583,0.582,428434,24977602.0,0.5768
2025-01-14 13:14:00,0.0,0.584,0.584,0.583,17994,1049277.0,0.5768
2025-01-14 13:15:00,0.0,0.584,0.584,0.583,17706,1033556.0,0.5768
2025-01-14 13:16:00,0.0,0.584,0.584,0.583,12110,706555.0,0.5768
2025-01-14 13:17:00,0.0,0.584,0.584,0.583,45711,2669344.0,0.5768
2025-01-14 13:18:00,0.0,0.584,0.585,0.583,615931,35970972.0,0.5769
2025-01-14 13:19:00,0.0,0.585,0.585,0.584,369890,21602237.0,0.5769
2025-01-14 13:20:00,0.0,0.584,0.585,0.584,182985,10686713.0,0.577
2025-01-14 13:21:00,0.0,0.584,0.585,0.583,47887,2796467.0,0.577
2025-01-14 13:22:00,0.0,0.583,0.584,0.583,42263,2467183.0,0.577
2025-01-14 13:23:00,0.0,0.583,0.584,0.583,24176,1411416.0,0.577
2025-01-14 13:24:00,0.0,0.583,0.584,0.582,507485,29585255.0,0.577
2025-01-14 13:25:00,0.0,0.582,0.582,0.582,37112,2160119.0,0.577
2025-01-14 13:26:00,0.0,0.582,0.583,0.582,68278,3973935.0,0.577
2025-01-14 13:27:00,0.0,0.583,0.583,0.582,20054,1168440.0,0.577
2025-01-14 13:28:00,0.0,0.582,0.583,0.582,58575,3410581.0,0.5771
2025-01-14 13:29:00,0.0,0.583,0.583,0.582,35461,2064507.0,0.5771
2025-01-14 13:30:00,0.0,0.583,0.584,0.583,378963,22093544.0,0.5771
2025-01-14 13:31:00,0.0,0.584,0.584,0.583,8897,519221.0,0.5771
2025-01-14 13:32:00,0.0,0.583,0.584,0.583,2439,142283.0,0.5771
2025-01-14 13:33:00,0.0,0.584,0.584,0.583,12071,704414.0,0.5771
2025-01-14 13:34:00,0.0,0.584,0.584,0.583,170474,9955257.0,0.5771
2025-01-14 13:35:00,0.0,0.585,0.585,0.583,608604,35544740.0,0.5772
2025-01-14 13:36:00,0.0,0.585,0.585,0.584,427173,24989154.0,0.5773
2025-01-14 13:37:00,0.0,0.586,0.586,0.585,282928,16553365.0,0.5773
2025-01-14 13:38:00,0.0,0.585,0.586,0.585,29979,1755215.0,0.5773
2025-01-14 13:39:00,0.0,0.585,0.586,0.585,555376,32490684.0,0.5774
2025-01-14 13:40:00,0.0,0.585,0.586,0.585,368687,21569134.0,0.5775
2025-01-14 13:41:00,0.0,0.585,0.586,0.585,16270,952073.0,0.5775
2025-01-14 13:42:00,0.0,0.586,0.586,0.585,31041,1816361.0,0.5775
2025-01-14 13:43:00,0.0,0.586,0.586,0.585,55697,3262760.0,0.5775
2025-01-14 13:44:00,0.0,0.586,0.586,0.585,1302460,76323195.0,0.5777
2025-01-14 13:45:00,0.0,0.585,0.586,0.585,57804,3382799.0,0.5777
2025-01-14 13:46:00,0.0,0.585,0.586,0.585,17531,1025698.0,0.5777
2025-01-14 13:47:00,0.0,0.586,0.587,0.585,306310,17948949.0,0.5778
2025-01-14 13:48:00,0.0,0.588,0.588,0.586,1251649,73537226.0,0.578
2025-01-14 13:49:00,0.0,0.588,0.589,0.587,866093,50918828.0,0.5782
2025-01-14 13:50:00,0.0,0.588,0.588,0.587,92698,5443828.0,0.5782
2025-01-14 13:51:00,0.0,0.586,0.588,0.586,423499,24859525.0,0.5782
2025-01-14 13:52:00,0.0,0.587,0.587,0.586,445326,26140072.0,0.5783
2025-01-14 13:53:00,0.0,0.587,0.588,0.586,204298,11992254.0,0.5783
2025-01-14 13:54:00,0.0,0.587,0.588,0.587,31547,1853245.0,0.5783
2025-01-14 13:55:00,0.0,0.588,0.588,0.587,61454,3613204.0,0.5784
2025-01-14 13:56:00,0.0,0.588,0.588,0.587,104183,6123729.0,0.5784
2025-01-14 13:57:00,0.0,0.588,0.588,0.587,81073,4766875.0,0.5784
2025-01-14 13:58:00,0.0,0.589,0.589,0.587,242701,14270868.0,0.5784
2025-01-14 13:59:00,0.0,0.588,0.589,0.587,718890,42272157.0,0.5785
2025-01-14 14:00:00,0.0,0.588,0.588,0.587,443232,26061628.0,0.5786
2025-01-14 14:01:00,0.0,0.588,0.588,0.587,351343,20658795.0,0.5787
2025-01-14 14:02:00,0.0,0.588,0.589,0.587,400978,23577261.0,0.5787
2025-01-14 14:03:00,0.0,0.589,0.59,0.588,454126,26748269.0,0.5788
2025-01-14 14:04:00,0.0,0.59,0.59,0.59,105852,6244223.0,0.5788
2025-01-14 14:05:00,0.0,0.59,0.59,0.589,185977,10972014.0,0.5789
2025-01-14 14:06:00,0.0,0.589,0.59,0.589,963973,56874200.0,0.5791
2025-01-14 14:07:00,0.0,0.59,0.59,0.589,143416,8460482.0,0.5791
2025-01-14 14:08:00,0.0,0.589,0.59,0.589,167965,9895200.0,0.5791
2025-01-14 14:09:00,0.0,0.588,0.59,0.588,400410,23584917.0,0.5792
2025-01-14 14:10:00,0.0,0.587,0.588,0.587,939098,55219201.0,0.5793
2025-01-14 14:11:00,0.0,0.587,0.588,0.587,56312,3307651.0,0.5793
2025-01-14 14:12:00,0.0,0.588,0.588,0.587,31269,1837058.0,0.5793
2025-01-14 14:13:00,0.0,0.587,0.588,0.587,15779,926450.0,0.5793
2025-01-14 14:14:00,0.0,0.589,0.589,0.587,322912,18983214.0,0.5794
2025-01-14 14:15:00,0.0,0.588,0.588,0.587,218991,12876445.0,0.5794
2025-01-14 14:16:00,0.0,0.589,0.59,0.588,1554921,91585407.0,0.5796
2025-01-14 14:17:00,0.0,0.59,0.59,0.589,33231,1960064.0,0.5796
2025-01-14 14:18:00,0.0,0.59,0.59,0.589,1244132,73403354.0,0.5798
2025-01-14 14:19:00,0.0,0.589,0.591,0.589,973834,57455872.0,0.58
2025-01-14 14:20:00,0.0,0.59,0.591,0.589,180920,10674321.0,0.58
2025-01-14 14:21:00,0.0,0.59,0.591,0.59,303596,17912613.0,0.5801
2025-01-14 14:22:00,0.0,0.589,0.591,0.589,988459,58318985.0,0.5802
2025-01-14 14:23:00,0.0,0.589,0.59,0.589,52658,3102459.0,0.5802
2025-01-14 14:24:00,0.0,0.589,0.59,0.589,60829,3583064.0,0.5802
2025-01-14 14:25:00,0.0,0.589,0.59,0.589,17500,1030847.0,0.5802
2025-01-14 14:26:00,0.0,0.589,0.59,0.589,8958,527972.0,0.5802
2025-01-14 14:27:00,0.0,0.59,0.59,0.589,22635,1333530.0,0.5802
2025-01-14 14:28:00,0.0,0.589,0.59,0.589,14659,863738.0,0.5802
2025-01-14 14:29:00,0.0,0.588,0.59,0.588,365629,21536264.0,0.5803
2025-01-14 14:30:00,0.0,0.588,0.589,0.588,90874,5343931.0,0.5803
2025-01-14 14:31:00,0.0,0.587,0.588,0.587,600512,35308340.0,0.5804
2025-01-14 14:32:00,0.0,0.588,0.588,0.587,251379,14775940.0,0.5804
2025-01-14 14:33:00,0.0,0.588,0.589,0.588,47781,2809753.0,0.5804
2025-01-14 14:34:00,0.0,0.587,0.588,0.587,215151,12648198.0,0.5804
2025-01-14 14:35:00,0.0,0.587,0.588,0.587,104454,6131563.0,0.5804
2025-01-14 14:36:00,0.0,0.586,0.587,0.586,385853,22648019.0,0.5805
2025-01-14 14:37:00,0.0,0.586,0.587,0.586,104535,6127208.0,0.5805
2025-01-14 14:38:00,0.0,0.585,0.587,0.585,703167,41195549.0,0.5805
2025-01-14 14:39:00,0.0,0.587,0.587,0.585,372839,21846836.0,0.5805
2025-01-14 14:40:00,0.0,0.586,0.587,0.586,41541,2437874.0,0.5806
2025-01-14 14:41:00,0.0,0.586,0.587,0.586,1010821,59334594.0,0.5806
2025-01-14 14:42:00,0.0,0.588,0.588,0.587,183928,10797214.0,0.5807
2025-01-14 14:43:00,0.0,0.587,0.588,0.587,42485,2494721.0,0.5807
2025-01-14 14:44:00,0.0,0.587,0.588,0.587,28633,1683495.0,0.5807
2025-01-14 14:45:00,0.0,0.588,0.588,0.587,53611,3151640.0,0.5807
2025-01-14 14:46:00,0.0,0.588,0.588,0.587,28762,1689881.0,0.5807
2025-01-14 14:47:00,0.0,0.588,0.588,0.587,33995,1997996.0,0.5807
2025-01-14 14:48:00,0.0,0.588,0.588,0.587,41073,2413009.0,0.5807
2025-01-14 14:49:00,0.0,0.587,0.588,0.587,35994,2115190.0,0.5807
2025-01-14 14:50:00,0.0,0.588,0.588,0.587,48640,2857761.0,0.5807
2025-01-14 14:51:00,0.0,0.588,0.588,0.587,66934,3935018.0,0.5807
2025-01-14 14:52:00,0.0,0.588,0.588,0.587,51202,3009736.0,0.5807
2025-01-14 14:53:00,0.0,0.588,0.588,0.587,68271,4012221.0,0.5807
2025-01-14 14:54:00,0.0,0.587,0.588,0.587,64270,3776173.0,0.5807
2025-01-14 14:55:00,0.0,0.588,0.588,0.587,105515,6201373.0,0.5807
2025-01-14 14:56:00,0.0,0.588,0.588,0.587,217502,12776850.0,0.5807
2025-01-14 14:57:00,0.0,0.587,0.588,0.587,92499,5434303.0,0.5808
2025-01-14 14:58:00,0.0,0.587,0.588,0.587,95871,5634358.0,0.5808
2025-01-14 14:59:00,0.0,0.588,0.588,0.587,91543,5381627.0,0.5808
2025-01-14 15:00:00,0.0,0.588,0.588,0.587,341785,20084492.0,0.5808
2025-01-15 09:30:00,0.0,0.584,0.584,0.584,310021,18105226.0,0.584
2025-01-15 09:31:00,0.0,0.584,0.585,0.583,803726,46938704.0,0.584
2025-01-15 09:32:00,0.0,0.584,0.584,0.583,139394,8133927.0,0.584
2025-01-15 09:33:00,0.0,0.584,0.584,0.582,1152422,67188717.0,0.5835
2025-01-15 09:34:00,0.0,0.583,0.584,0.583,805050,46935665.0,0.5834
2025-01-15 09:35:00,0.0,0.583,0.583,0.582,144180,8402206.0,0.5834
2025-01-15 09:36:00,0.0,0.583,0.584,0.583,494720,28841928.0,0.5833
2025-01-15 09:37:00,0.0,0.582,0.583,0.581,1104167,64289043.0,0.5831
2025-01-15 09:38:00,0.0,0.582,0.582,0.581,706349,41108285.0,0.5829
2025-01-15 09:39:00,0.0,0.582,0.583,0.581,139943,8143962.0,0.5829
2025-01-15 09:40:00,0.0,0.583,0.583,0.581,338870,19723591.0,0.5829
2025-01-15 09:41:00,0.0,0.582,0.583,0.582,47331,2755895.0,0.5829
2025-01-15 09:42:00,0.0,0.583,0.583,0.582,748920,43629670.0,0.5828
2025-01-15 09:43:00,0.0,0.583,0.583,0.582,129560,7553082.0,0.5828
2025-01-15 09:44:00,0.0,0.583,0.583,0.582,34073,1986348.0,0.5828
2025-01-15 09:45:00,0.0,0.584,0.584,0.582,485994,28332647.0,0.5828
2025-01-15 09:46:00,0.0,0.582,0.584,0.582,221590,12915458.0,0.5828
2025-01-15 09:47:00,0.0,0.583,0.583,0.582,354578,20671401.0,0.5828
2025-01-15 09:48:00,0.0,0.584,0.584,0.583,190244,11094020.0,0.5829
2025-01-15 09:49:00,0.0,0.584,0.584,0.584,256347,14970443.0,0.5829
2025-01-15 09:50:00,0.0,0.584,0.584,0.583,714619,41733534.0,0.583
2025-01-15 09:51:00,0.0,0.584,0.585,0.583,213482,12467572.0,0.583
2025-01-15 09:52:00,0.0,0.583,0.584,0.583,1467924,85580161.0,0.583
2025-01-15 09:53:00,0.0,0.583,0.584,0.583,747071,43554569.0,0.583
2025-01-15 09:54:00,0.0,0.583,0.584,0.582,466210,27178914.0,0.583
2025-01-15 09:55:00,0.0,0.583,0.583,0.582,1034819,60329498.0,0.583
2025-01-15 09:56:00,0.0,0.585,0.585,0.583,805382,47032903.0,0.5831
2025-01-15 09:57:00,0.0,0.583,0.585,0.583,1833002,106889789.0,0.5831
2025-01-15 09:58:00,0.0,0.583,0.583,0.582,993101,57897067.0,0.5831
2025-01-15 09:59:00,0.0,0.582,0.583,0.582,44635,2599617.0,0.5831
2025-01-15 10:00:00,0.0,0.583,0.583,0.582,3085,179655.0,0.5831
2025-01-15 10:01:00,0.0,0.583,0.583,0.582,794050,46292751.0,0.5831
2025-01-15 10:02:00,0.0,0.584,0.584,0.583,448381,26140676.0,0.5831
2025-01-15 10:03:00,0.0,0.584,0.584,0.582,809841,47213441.0,0.5831
2025-01-15 10:04:00,0.0,0.583,0.584,0.583,222687,12982667.0,0.5831
2025-01-15 10:05:00,0.0,0.583,0.584,0.583,115073,6708829.0,0.5831
2025-01-15 10:06:00,0.0,0.583,0.584,0.583,162769,9489445.0,0.583
2025-01-15 10:07:00,0.0,0.583,0.583,0.582,101329,5907237.0,0.583
2025-01-15 10:08:00,0.0,0.582,0.583,0.582,58768,3420881.0,0.583
2025-01-15 10:09:00,0.0,0.582,0.583,0.582,230417,13410391.0,0.583
2025-01-15 10:10:00,0.0,0.583,0.583,0.582,49340,2875086.0,0.583
2025-01-15 10:11:00,0.0,0.582,0.583,0.582,71955,4193934.0,0.583
2025-01-15 10:12:00,0.0,0.583,0.583,0.582,505024,29392536.0,0.583
2025-01-15 10:13:00,0.0,0.583,0.583,0.582,67967,3961629.0,0.583
2025-01-15 10:14:00,0.0,0.583,0.584,0.582,597031,34807012.0,0.583
2025-01-15 10:15:00,0.0,0.583,0.583,0.582,47528,2770753.0,0.583
2025-01-15 10:16:00,0.0,0.584,0.584,0.583,187129,10928151.0,0.583
2025-01-15 10:17:00,0.0,0.584,0.585,0.584,581810,33980722.0,0.583
2025-01-15 10:18:00,0.0,0.585,0.585,0.584,49740,2909735.0,0.583
2025-01-15 10:19:00,0.0,0.585,0.585,0.584,958838,56091523.0,0.5831
2025-01-15 10:20:00,0.0,0.584,0.585,0.584,21302,1245490.0,0.5831
2025-01-15 10:21:00,0.0,0.585,0.585,0.584,8865,518207.0,0.5831
2025-01-15 10:22:00,0.0,0.584,0.585,0.584,30012,1753067.0,0.5831
2025-01-15 10:23:00,0.0,0.584,0.585,0.584,471739,27550044.0,0.5831
2025-01-15 10:24:00,0.0,0.585,0.586,0.584,489033,28610928.0,0.5832
2025-01-15 10:25:00,0.0,0.586,0.586,0.585,20085,1176685.0,0.5832
2025-01-15 10:26:00,0.0,0.586,0.587,0.585,537891,31519279.0,0.5833
2025-01-15 10:27:00,0.0,0.586,0.587,0.586,55769,3270846.0,0.5833
2025-01-15 10:28:00,0.0,0.586,0.586,0.586,74048,4339554.0,0.5833
2025-01-15 10:29:00,0.0,0.587,0.587,0.586,96489,5663512.0,0.5833
2025-01-15 10:30:00,0.0,0.587,0.587,0.587,90948,5338575.0,0.5833
2025-01-15 10:31:00,0.0,0.587,0.587,0.586,25087,1470944.0,0.5833
2025-01-15 10:32:00,0.0,0.586,0.586,0.586,871774,51086065.0,0.5834
2025-01-15 10:33:00,0.0,0.586,0.587,0.586,47611,2790097.0,0.5834
2025-01-15 10:34:00,0.0,0.586,0.587,0.586,14448,846694.0,0.5834
2025-01-15 10:35:00,0.0,0.588,0.588,0.586,425553,24977397.0,0.5835
2025-01-15 10:36:00,0.0,0.587,0.588,0.587,34022,1999483.0,0.5835
2025-01-15 10:37:00,0.0,0.587,0.588,0.586,368450,21629590.0,0.5835
2025-01-15 10:38:00,0.0,0.589,0.589,0.587,601142,35357411.0,0.5836
2025-01-15 10:39:00,0.0,0.59,0.59,0.589,300793,17718406.0,0.5837
2025-01-15 10:40:00,0.0,0.589,0.59,0.589,837846,49351629.0,0.5838
2025-01-15 10:41:00,0.0,0.589,0.589,0.588,181944,10716244.0,0.5839
2025-01-15 10:42:00,0.0,0.588,0.589,0.588,292119,17179796.0,0.5839
2025-01-15 10:43:00,0.0,0.587,0.588,0.587,276537,16260052.0,0.5839
2025-01-15 10:44:00,0.0,0.587,0.589,0.587,264791,15569717.0,0.584
2025-01-15 10:45:00,0.0,0.589,0.589,0.588,58313,3429999.0,0.584
2025-01-15 10:46:00,0.0,0.589,0.589,0.588,11772,693233.0,0.584
2025-01-15 10:47:00,0.0,0.589,0.589,0.588,354241,20864828.0,0.584
2025-01-15 10:48:00,0.0,0.59,0.59,0.589,276206,16268837.0,0.5841
2025-01-15 10:49:00,0.0,0.588,0.59,0.587,463342,27254382.0,0.5842
2025-01-15 10:50:00,0.0,0.588,0.588,0.587,51142,3003441.0,0.5842
2025-01-15 10:51:00,0.0,0.587,0.588,0.587,17305,1016104.0,0.5842
2025-01-15 10:52:00,0.0,0.587,0.588,0.587,366054,21491597.0,0.5842
2025-01-15 10:53:00,0.0,0.587,0.587,0.586,34010,1994614.0,0.5842
2025-01-15 10:54:00,0.0,0.586,0.587,0.586,316527,18548521.0,0.5842
2025-01-15 10:55:00,0.0,0.587,0.587,0.586,46381,2722164.0,0.5842
2025-01-15 10:56:00,0.0,0.587,0.588,0.586,385035,22601523.0,0.5843
2025-01-15 10:57:00,0.0,0.587,0.588,0.587,74425,4369534.0,0.5843
2025-01-15 10:58:00,0.0,0.587,0.588,0.587,7832,460304.0,0.5843
2025-01-15 10:59:00,0.0,0.588,0.588,0.587,56532,3318596.0,0.5843
2025-01-15 11:00:00,0.0,0.587,0.588,0.587,4017,236145.0,0.5843
2025-01-15 11:01:00,0.0,0.586,0.588,0.586,355938,20893676.0,0.5843
2025-01-15 11:02:00,0.0,0.587,0.587,0.586,23803,1395909.0,0.5843
2025-01-15 11:03:00,0.0,0.587,0.587,0.586,10521,616997.0,0.5843
2025-01-15 11:04:00,0.0,0.588,0.588,0.587,132627,7785288.0,0.5843
2025-01-15 11:05:00,0.0,0.588,0.588,0.587,3650,214378.0,0.5843
2025-01-15 11:06:00,0.0,0.588,0.588,0.587,19896,1169452.0,0.5843
2025-01-15 11:07:00,0.0,0.587,0.588,0.587,298583,17529289.0,0.5843
2025-01-15 11:08:00,0.0,0.588,0.588,0.587,1775,104319.0,0.5843
2025-01-15 11:09:00,0.0,0.587,0.588,0.587,4223,248271.0,0.5843
2025-01-15 11:10:00,0.0,0.588,0.588,0.587,73882,4344134.0,0.5843
2025-01-15 11:11:00,0.0,0.588,0.588,0.587,6581,386382.0,0.5844
2025-01-15 11:12:00,0.0,0.586,0.588,0.586,188039,11037312.0,0.5844
2025-01-15 11:13:00,0.0,0.587,0.587,0.586,5570,326425.0,0.5844
2025-01-15 11:14:00,0.0,0.586,0.587,0.586,12625,739932.0,0.5844
2025-01-15 11:15:00,0.0,0.587,0.587,0.586,167337,9822550.0,0.5844
2025-01-15 11:16:00,0.0,0.587,0.588,0.587,2436,143025.0,0.5844
2025-01-15 11:17:00,0.0,0.587,0.588,0.587,88452,5192128.0,0.5844
2025-01-15 11:18:00,0.0,0.586,0.587,0.586,7134,418374.0,0.5844
2025-01-15 11:19:00,0.0,0.586,0.587,0.586,3342,195891.0,0.5844
2025-01-15 11:20:00,0.0,0.586,0.586,0.586,5955,348964.0,0.5844
2025-01-15 11:21:00,0.0,0.588,0.588,0.586,174776,10259341.0,0.5844
2025-01-15 11:22:00,0.0,0.587,0.588,0.587,4654,273253.0,0.5844
2025-01-15 11:23:00,0.0,0.587,0.588,0.587,10377,609142.0,0.5844
2025-01-15 11:24:00,0.0,0.587,0.587,0.587,255252,14983390.0,0.5844
2025-01-15 11:25:00,0.0,0.586,0.587,0.586,14213,833087.0,0.5844
2025-01-15 11:26:00,0.0,0.586,0.587,0.586,1585,92888.0,0.5844
2025-01-15 11:27:00,0.0,0.586,0.587,0.586,60160,3525386.0,0.5844
2025-01-15 11:28:00,0.0,0.585,0.586,0.585,352159,20636517.0,0.5844
2025-01-15 11:29:00,0.0,0.586,0.587,0.585,103304,6053425.0,0.5844
2025-01-15 11:30:00,0.0,0.587,0.587,0.586,6802,399017.0,0.5844
2025-01-15 13:01:00,0.0,0.586,0.587,0.586,56365,3307364.0,0.5845
2025-01-15 13:02:00,0.0,0.585,0.586,0.585,126804,7430703.0,0.5845
2025-01-15 13:03:00,0.0,0.586,0.586,0.585,135613,7946911.0,0.5845
2025-01-15 13:04:00,0.0,0.587,0.587,0.585,18723,1097199.0,0.5845
2025-01-15 13:05:00,0.0,0.586,0.587,0.586,6981,409774.0,0.5845
2025-01-15 13:06:00,0.0,0.587,0.587,0.586,5438,318847.0,0.5845
2025-01-15 13:07:00,0.0,0.586,0.587,0.586,4732,277385.0,0.5845
2025-01-15 13:08:00,0.0,0.586,0.587,0.586,27963,1638637.0,0.5845
2025-01-15 13:09:00,0.0,0.586,0.587,0.586,73092,4284956.0,0.5845
2025-01-15 13:10:00,0.0,0.586,0.587,0.586,1192,69852.0,0.5845
2025-01-15 13:11:00,0.0,0.587,0.587,0.586,93807,5497454.0,0.5845
2025-01-15 13:12:00,0.0,0.586,0.587,0.585,255715,14984879.0,0.5845
2025-01-15 13:13:00,0.0,0.585,0.586,0.585,2228,130343.0,0.5845
2025-01-15 13:14:00,0.0,0.586,0.586,0.585,10972,642194.0,0.5845
2025-01-15 13:15:00,0.0,0.585,0.586,0.585,7760,454014.0,0.5845
2025-01-15 13:16:00,0.0,0.585,0.586,0.585,62965,3683508.0,0.5845
2025-01-15 13:17:00,0.0,0.585,0.585,0.585,9505,556142.0,0.5845
2025-01-15 13:18:00,0.0,0.585,0.586,0.585,377123,22061710.0,0.5845
2025-01-15 13:19:00,0.0,0.585,0.585,0.585,101354,5929209.0,0.5845
2025-01-15 13:20:00,0.0,0.585,0.586,0.585,11561,676513.0,0.5845
2025-01-15 13:21:00,0.0,0.585,0.586,0.585,31558,1846175.0,0.5845
2025-01-15 13:22:00,0.0,0.586,0.586,0.585,20610,1205687.0,0.5845
2025-01-15 13:23:00,0.0,0.585,0.586,0.585,9023,528087.0,0.5845
2025-01-15 13:24:00,0.0,0.586,0.586,0.585,7404,433313.0,0.5845
2025-01-15 13:25:00,0.0,0.585,0.586,0.585,1568,91731.0,0.5845
2025-01-15 13:26:00,0.0,0.585,0.585,0.585,3317,194055.0,0.5845
2025-01-15 13:27:00,0.0,0.585,0.585,0.585,11459,670351.0,0.5845
2025-01-15 13:28:00,0.0,0.586,0.586,0.585,3333,195028.0,0.5845
2025-01-15 13:29:00,0.0,0.585,0.586,0.585,12408,726147.0,0.5845
2025-01-15 13:30:00,0.0,0.585,0.586,0.585,8928,522308.0,0.5845
2025-01-15 13:31:00,0.0,0.585,0.585,0.585,218337,12772728.0,0.5845
2025-01-15 13:32:00,0.0,0.584,0.585,0.584,24523,1433941.0,0.5845
2025-01-15 13:33:00,0.0,0.584,0.585,0.584,5329,311224.0,0.5845
2025-01-15 13:34:00,0.0,0.584,0.585,0.584,9985,583476.0,0.5845
2025-01-15 13:35:00,0.0,0.583,0.585,0.583,636238,37155721.0,0.5845
2025-01-15 13:36:00,0.0,0.583,0.584,0.583,28532,1665333.0,0.5845
2025-01-15 13:37:00,0.0,0.584,0.584,0.583,159330,9304676.0,0.5845
2025-01-15 13:38:00,0.0,0.584,0.585,0.584,117394,6855819.0,0.5845
2025-01-15 13:39:00,0.0,0.584,0.584,0.583,138537,8090552.0,0.5845
2025-01-15 13:40:00,0.0,0.584,0.584,0.583,75751,4423746.0,0.5845
2025-01-15 13:41:00,0.0,0.584,0.584,0.583,8560,499861.0,0.5845
2025-01-15 13:42:00,0.0,0.584,0.584,0.583,24357,1422396.0,0.5845
2025-01-15 13:43:00,0.0,0.585,0.585,0.584,115326,6735177.0,0.5845
2025-01-15 13:44:00,0.0,0.584,0.585,0.584,1866,109161.0,0.5845
2025-01-15 13:45:00,0.0,0.585,0.585,0.584,631,36866.0,0.5845
2025-01-15 13:46:00,0.0,0.585,0.585,0.584,611,35706.0,0.5845
2025-01-15 13:47:00,0.0,0.584,0.585,0.584,1793,104756.0,0.5845
2025-01-15 13:48:00,0.0,0.585,0.585,0.584,2881,168488.0,0.5845
2025-01-15 13:49:00,0.0,0.585,0.585,0.584,27499,1607729.0,0.5845
2025-01-15 13:50:00,0.0,0.585,0.585,0.584,116859,6835896.0,0.5845
2025-01-15 13:51:00,0.0,0.584,0.585,0.584,11651,680458.0,0.5845
2025-01-15 13:52:00,0.0,0.585,0.585,0.584,3851,225041.0,0.5845
2025-01-15 13:53:00,0.0,0.585,0.585,0.584,9034,528444.0,0.5845
2025-01-15 13:54:00,0.0,0.585,0.585,0.584,54493,3187765.0,0.5845
2025-01-15 13:55:00,0.0,0.585,0.585,0.584,390087,22819319.0,0.5845
2025-01-15 13:56:00,0.0,0.586,0.586,0.585,158793,9290431.0,0.5845
2025-01-15 13:57:00,0.0,0.585,0.586,0.585,5959,349159.0,0.5845
2025-01-15 13:58:00,0.0,0.585,0.586,0.585,40791,2386286.0,0.5845
2025-01-15 13:59:00,0.0,0.585,0.586,0.585,45982,2689974.0,0.5845
2025-01-15 14:00:00,0.0,0.585,0.585,0.585,203132,11883222.0,0.5845
2025-01-15 14:01:00,0.0,0.585,0.585,0.584,69692,4076287.0,0.5845
2025-01-15 14:02:00,0.0,0.585,0.585,0.585,39464,2308355.0,0.5845
2025-01-15 14:03:00,0.0,0.585,0.586,0.585,4108,240378.0,0.5845
2025-01-15 14:04:00,0.0,0.584,0.586,0.584,330946,19360238.0,0.5845
2025-01-15 14:05:00,0.0,0.585,0.585,0.584,89395,5229519.0,0.5845
2025-01-15 14:06:00,0.0,0.585,0.585,0.584,4118,240808.0,0.5845
2025-01-15 14:07:00,0.0,0.584,0.585,0.584,6933,404927.0,0.5845
2025-01-15 14:08:00,0.0,0.584,0.585,0.584,5340,311969.0,0.5845
2025-01-15 14:09:00,0.0,0.584,0.585,0.584,14505,847115.0,0.5845
2025-01-15 14:10:00,0.0,0.585,0.585,0.584,7947,464436.0,0.5845
2025-01-15 14:11:00,0.0,0.585,0.585,0.584,2015,117780.0,0.5845
2025-01-15 14:12:00,0.0,0.585,0.585,0.584,6792,397227.0,0.5845
2025-01-15 14:13:00,0.0,0.585,0.585,0.584,1561,91174.0,0.5845
2025-01-15 14:14:00,0.0,0.584,0.585,0.584,7513,438759.0,0.5845
2025-01-15 14:15:00,0.0,0.584,0.585,0.584,57918,3382414.0,0.5845
2025-01-15 14:16:00,0.0,0.584,0.585,0.584,32583,1902851.0,0.5845
2025-01-15 14:17:00,0.0,0.585,0.585,0.584,4681,273373.0,0.5845
2025-01-15 14:18:00,0.0,0.584,0.585,0.584,3074,179561.0,0.5845
2025-01-15 14:19:00,0.0,0.584,0.585,0.584,3873,226337.0,0.5845
2025-01-15 14:20:00,0.0,0.584,0.585,0.584,3722,217381.0,0.5845
2025-01-15 14:21:00,0.0,0.585,0.585,0.584,99423,5815964.0,0.5845
2025-01-15 14:22:00,0.0,0.585,0.586,0.585,384129,22471620.0,0.5845
2025-01-15 14:23:00,0.0,0.585,0.586,0.585,485475,28400299.0,0.5845
2025-01-15 14:24:00,0.0,0.585,0.585,0.584,6439,376607.0,0.5845
2025-01-15 14:25:00,0.0,0.584,0.585,0.584,2458,143551.0,0.5845
2025-01-15 14:26:00,0.0,0.584,0.584,0.584,253,14780.0,0.5845
2025-01-15 14:27:00,0.0,0.585,0.585,0.584,184925,10799770.0,0.5845
2025-01-15 14:28:00,0.0,0.584,0.585,0.584,550230,32133439.0,0.5845
2025-01-15 14:29:00,0.0,0.584,0.585,0.584,18621,1087869.0,0.5845
2025-01-15 14:30:00,0.0,0.584,0.585,0.584,90670,5295130.0,0.5845
2025-01-15 14:31:00,0.0,0.585,0.585,0.584,1392,81307.0,0.5845
2025-01-15 14:32:00,0.0,0.584,0.585,0.584,53816,3148039.0,0.5845
2025-01-15 14:33:00,0.0,0.585,0.586,0.584,749124,43823736.0,0.5845
2025-01-15 14:34:00,0.0,0.586,0.586,0.585,16281,953121.0,0.5845
2025-01-15 14:35:00,0.0,0.585,0.586,0.585,9622,562891.0,0.5845
2025-01-15 14:36:00,0.0,0.585,0.586,0.585,8358,488953.0,0.5845
2025-01-15 14:37:00,0.0,0.586,0.586,0.585,4302,251858.0,0.5845
2025-01-15 14:38:00,0.0,0.586,0.586,0.585,3383,198233.0,0.5845
2025-01-15 14:39:00,0.0,0.586,0.586,0.585,18689,1094484.0,0.5845
2025-01-15 14:40:00,0.0,0.586,0.586,0.585,14676,859962.0,0.5845
2025-01-15 14:41:00,0.0,0.585,0.586,0.585,21659,1269153.0,0.5845
2025-01-15 14:42:00,0.0,0.586,0.586,0.585,29202,1710488.0,0.5845
2025-01-15 14:43:00,0.0,0.585,0.586,0.585,36971,2165009.0,0.5845
2025-01-15 14:44:00,0.0,0.586,0.586,0.585,24238,1420079.0,0.5845
2025-01-15 14:45:00,0.0,0.586,0.586,0.585,14649,857992.0,0.5845
2025-01-15 14:46:00,0.0,0.586,0.586,0.585,188992,11074283.0,0.5845
2025-01-15 14:47:00,0.0,0.586,0.586,0.585,166947,9783011.0,0.5845
2025-01-15 14:48:00,0.0,0.585,0.586,0.585,67291,3943042.0,0.5845
2025-01-15 14:49:00,0.0,0.585,0.586,0.585,39214,2295228.0,0.5845
2025-01-15 14:50:00,0.0,0.586,0.586,0.585,6125,358715.0,0.5845
2025-01-15 14:51:00,0.0,0.585,0.586,0.585,15296,895592.0,0.5845
2025-01-15 14:52:00,0.0,0.586,0.586,0.585,6987,409176.0,0.5845
2025-01-15 14:53:00,0.0,0.586,0.586,0.585,13024,762647.0,0.5845
2025-01-15 14:54:00,0.0,0.586,0.587,0.585,594465,34834921.0,0.5846
2025-01-15 14:55:00,0.0,0.586,0.586,0.585,198526,11633354.0,0.5846
2025-01-15 14:56:00,0.0,0.586,0.586,0.585,79016,4625522.0,0.5846
2025-01-15 14:57:00,0.0,0.586,0.586,0.585,156642,9176779.0,0.5846
2025-01-15 14:58:00,0.0,0.586,0.586,0.585,50401,2951764.0,0.5846
2025-01-15 14:59:00,0.0,0.586,0.586,0.585,79090,4633761.0,0.5846
2025-01-15 15:00:00,0.0,0.586,0.587,0.585,109253,6405406.0,0.5846
2025-01-16 09:30:00,0.0,0.593,0.593,0.593,492580,29209994.0,0.593
2025-01-16 09:31:00,0.0,0.596,0.596,0.593,1984818,118054866.0,0.5944
2025-01-16 09:32:00,0.0,0.597,0.597,0.596,1288997,76905599.0,0.5952
2025-01-16 09:33:00,0.0,0.596,0.598,0.596,483362,28854557.0,0.5954
2025-01-16 09:34:00,0.0,0.597,0.597,0.596,602583,35969232.0,0.5956
2025-01-16 09:35:00,0.0,0.599,0.599,0.597,489538,29280779.0,0.5958
2025-01-16 09:36:00,0.0,0.6,0.601,0.599,1137390,68225942.0,0.5965
2025-01-16 09:37:00,0.0,0.6,0.6,0.599,387833,23259079.0,0.5967
2025-01-16 09:38:00,0.0,0.601,0.601,0.6,1009039,60602241.0,0.5972
2025-01-16 09:39:00,0.0,0.601,0.602,0.601,887277,53331335.0,0.5976
2025-01-16 09:40:00,0.0,0.602,0.602,0.601,133931,8056311.0,0.5976
2025-01-16 09:41:00,0.0,0.6,0.602,0.6,368213,22124645.0,0.5978
2025-01-16 09:42:00,0.0,0.6,0.601,0.6,523205,31393167.0,0.5979
2025-01-16 09:43:00,0.0,0.601,0.602,0.6,391586,23529500.0,0.598
2025-01-16 09:44:00,0.0,0.602,0.602,0.601,340146,20471774.0,0.5981
2025-01-16 09:45:00,0.0,0.602,0.603,0.601,602938,36300599.0,0.5983
2025-01-16 09:46:00,0.0,0.603,0.604,0.602,858421,51735883.0,0.5987
2025-01-16 09:47:00,0.0,0.601,0.603,0.601,685921,41284613.0,0.5988
2025-01-16 09:48:00,0.0,0.602,0.602,0.6,477606,28705631.0,0.5989
2025-01-16 09:49:00,0.0,0.6,0.602,0.6,398796,23967773.0,0.599
2025-01-16 09:50:00,0.0,0.6,0.601,0.6,303354,18228836.0,0.599
2025-01-16 09:51:00,0.0,0.6,0.601,0.6,64631,3880280.0,0.599
2025-01-16 09:52:00,0.0,0.6,0.6,0.6,153977,9245655.0,0.599
2025-01-16 09:53:00,0.0,0.598,0.6,0.598,675332,40485945.0,0.5991
2025-01-16 09:54:00,0.0,0.599,0.599,0.598,471354,28221911.0,0.5991
2025-01-16 09:55:00,0.0,0.599,0.599,0.598,80566,4822603.0,0.599
2025-01-16 09:56:00,0.0,0.598,0.599,0.598,99620,5957683.0,0.599
2025-01-16 09:57:00,0.0,0.597,0.598,0.597,404113,24163664.0,0.599
2025-01-16 09:58:00,0.0,0.596,0.598,0.596,492772,29406401.0,0.5989
2025-01-16 09:59:00,0.0,0.598,0.598,0.596,553434,33018994.0,0.5989
2025-01-16 10:00:00,0.0,0.597,0.598,0.597,61342,3667477.0,0.5989
2025-01-16 10:01:00,0.0,0.599,0.599,0.597,428347,25614753.0,0.5988
2025-01-16 10:02:00,0.0,0.6,0.6,0.599,740292,44354451.0,0.5989
2025-01-16 10:03:00,0.0,0.598,0.6,0.598,441839,26465795.0,0.5989
2025-01-16 10:04:00,0.0,0.598,0.599,0.598,251537,15042111.0,0.5988
2025-01-16 10:05:00,0.0,0.599,0.599,0.598,522172,31276650.0,0.5989
2025-01-16 10:06:00,0.0,0.599,0.599,0.598,384896,23054215.0,0.5989
2025-01-16 10:07:00,0.0,0.599,0.6,0.599,169985,10182612.0,0.5989
2025-01-16 10:08:00,0.0,0.598,0.6,0.598,287992,17249742.0,0.5989
2025-01-16 10:09:00,0.0,0.599,0.6,0.598,776249,46497486.0,0.5989
2025-01-16 10:10:00,0.0,0.599,0.599,0.598,445064,26658501.0,0.5989
2025-01-16 10:11:00,0.0,0.599,0.599,0.598,28359,1697540.0,0.5989
2025-01-16 10:12:00,0.0,0.598,0.599,0.598,39099,2340270.0,0.5989
2025-01-16 10:13:00,0.0,0.599,0.599,0.598,299756,17953770.0,0.5989
2025-01-16 10:14:00,0.0,0.599,0.6,0.599,13860,830764.0,0.5989
2025-01-16 10:15:00,0.0,0.599,0.6,0.599,164341,9859902.0,0.5989
2025-01-16 10:16:00,0.0,0.6,0.6,0.599,570370,34223772.0,0.5989
2025-01-16 10:17:00,0.0,0.601,0.601,0.599,208707,12523193.0,0.5989
2025-01-16 10:18:00,0.0,0.6,0.601,0.6,366298,21978004.0,0.5989
2025-01-16 10:19:00,0.0,0.6,0.6,0.599,12948,776181.0,0.5989
2025-01-16 10:20:00,0.0,0.598,0.6,0.598,292095,17494574.0,0.5989
2025-01-16 10:21:00,0.0,0.598,0.599,0.598,42666,2553012.0,0.5989
2025-01-16 10:22:00,0.0,0.599,0.599,0.598,37673,2254530.0,0.5989
2025-01-16 10:23:00,0.0,0.598,0.599,0.598,278744,16695468.0,0.5989
2025-01-16 10:24:00,0.0,0.6,0.6,0.598,446176,26725793.0,0.5989
2025-01-16 10:25:00,0.0,0.599,0.6,0.598,278776,16698622.0,0.5989
2025-01-16 10:26:00,0.0,0.599,0.599,0.598,166127,9949457.0,0.5989
2025-01-16 10:27:00,0.0,0.598,0.599,0.598,79165,4739213.0,0.5989
2025-01-16 10:28:00,0.0,0.599,0.6,0.598,170818,10231957.0,0.5989
2025-01-16 10:29:00,0.0,0.599,0.6,0.599,305258,18285100.0,0.5989
2025-01-16 10:30:00,0.0,0.599,0.599,0.598,6226,372542.0,0.5989
2025-01-16 10:31:00,0.0,0.597,0.599,0.597,438048,26194184.0,0.5989
2025-01-16 10:32:00,0.0,0.598,0.598,0.597,504221,30151777.0,0.5989
2025-01-16 10:33:00,0.0,0.598,0.598,0.598,179017,10705644.0,0.5989
2025-01-16 10:34:00,0.0,0.598,0.599,0.598,59258,3549322.0,0.5989
2025-01-16 10:35:00,0.0,0.597,0.598,0.597,592725,35444936.0,0.5989
2025-01-16 10:36:00,0.0,0.597,0.598,0.597,38121,2276003.0,0.5989
2025-01-16 10:37:00,0.0,0.597,0.597,0.597,787471,47012079.0,0.5988
2025-01-16 10:38:00,0.0,0.596,0.597,0.596,65815,3923121.0,0.5988
2025-01-16 10:39:00,0.0,0.596,0.598,0.596,363556,21702021.0,0.5988
2025-01-16 10:40:00,0.0,0.597,0.598,0.597,319612,19080970.0,0.5988
2025-01-16 10:41:00,0.0,0.596,0.597,0.596,77398,4618063.0,0.5988
2025-01-16 10:42:00,0.0,0.595,0.596,0.595,493669,29419410.0,0.5987
2025-01-16 10:43:00,0.0,0.595,0.596,0.595,568634,33832692.0,0.5986
2025-01-16 10:44:00,0.0,0.594,0.595,0.594,102144,6071672.0,0.5986
2025-01-16 10:45:00,0.0,0.595,0.595,0.594,570208,33922524.0,0.5986
2025-01-16 10:46:00,0.0,0.595,0.595,0.594,144718,8608699.0,0.5985
2025-01-16 10:47:00,0.0,0.594,0.594,0.594,584988,34748289.0,0.5985
2025-01-16 10:48:00,0.0,0.593,0.594,0.593,804642,47794543.0,0.5983
2025-01-16 10:49:00,0.0,0.594,0.595,0.593,327416,19448288.0,0.5983
2025-01-16 10:50:00,0.0,0.594,0.595,0.594,51970,3087569.0,0.5983
2025-01-16 10:51:00,0.0,0.595,0.595,0.594,85921,5105746.0,0.5983
2025-01-16 10:52:00,0.0,0.595,0.595,0.594,146860,8728968.0,0.5983
2025-01-16 10:53:00,0.0,0.595,0.595,0.594,410810,24404454.0,0.5982
2025-01-16 10:54:00,0.0,0.594,0.595,0.594,621101,36910939.0,0.5981
2025-01-16 10:55:00,0.0,0.594,0.595,0.593,773183,45924298.0,0.598
2025-01-16 10:56:00,0.0,0.593,0.594,0.593,169504,10054926.0,0.598
2025-01-16 10:57:00,0.0,0.593,0.594,0.593,328725,19493882.0,0.598
2025-01-16 10:58:00,0.0,0.593,0.594,0.593,242513,14381126.0,0.5979
2025-01-16 10:59:00,0.0,0.594,0.594,0.593,60243,3572524.0,0.5979
2025-01-16 11:00:00,0.0,0.594,0.594,0.593,159309,9455736.0,0.5979
2025-01-16 11:01:00,0.0,0.593,0.594,0.592,488833,28989526.0,0.5978
2025-01-16 11:02:00,0.0,0.593,0.593,0.593,355415,21076146.0,0.5978
2025-01-16 11:03:00,0.0,0.593,0.593,0.592,258782,15345407.0,0.5978
2025-01-16 11:04:00,0.0,0.593,0.594,0.593,263631,15656073.0,0.5977
2025-01-16 11:05:00,0.0,0.594,0.594,0.593,220038,13068226.0,0.5977
2025-01-16 11:06:00,0.0,0.593,0.594,0.593,231790,13768037.0,0.5977
2025-01-16 11:07:00,0.0,0.592,0.593,0.592,303717,18009205.0,0.5976
2025-01-16 11:08:00,0.0,0.592,0.593,0.592,26323,1558880.0,0.5976
2025-01-16 11:09:00,0.0,0.593,0.593,0.592,47198,2798708.0,0.5976
2025-01-16 11:10:00,0.0,0.593,0.594,0.592,1056050,62623851.0,0.5975
2025-01-16 11:11:00,0.0,0.593,0.594,0.593,135012,8006219.0,0.5975
2025-01-16 11:12:00,0.0,0.594,0.594,0.593,8686,515301.0,0.5975
2025-01-16 11:13:00,0.0,0.593,0.594,0.593,51521,3055552.0,0.5975
2025-01-16 11:14:00,0.0,0.592,0.593,0.592,410865,24363504.0,0.5974
2025-01-16 11:15:00,0.0,0.591,0.593,0.591,514934,30481304.0,0.5974
2025-01-16 11:16:00,0.0,0.591,0.592,0.591,42213,2495120.0,0.5974
2025-01-16 11:17:00,0.0,0.591,0.592,0.59,447023,26419357.0,0.5973
2025-01-16 11:18:00,0.0,0.591,0.592,0.59,409473,24199158.0,0.5972
2025-01-16 11:19:00,0.0,0.59,0.591,0.59,349974,20680353.0,0.5972
2025-01-16 11:20:00,0.0,0.59,0.591,0.59,92093,5433533.0,0.5972
2025-01-16 11:21:00,0.0,0.591,0.591,0.59,873234,51555890.0,0.597
2025-01-16 11:22:00,0.0,0.591,0.592,0.591,18520,1095873.0,0.597
2025-01-16 11:23:00,0.0,0.592,0.592,0.591,953786,56463887.0,0.5969
2025-01-16 11:24:00,0.0,0.592,0.593,0.592,19704,1167733.0,0.5969
2025-01-16 11:25:00,0.0,0.593,0.593,0.592,14068,833167.0,0.5969
2025-01-16 11:26:00,0.0,0.593,0.593,0.592,32954,1953853.0,0.5969
2025-01-16 11:27:00,0.0,0.592,0.593,0.592,100575,5954409.0,0.5969
2025-01-16 11:28:00,0.0,0.592,0.592,0.591,363972,21547209.0,0.5968
2025-01-16 11:29:00,0.0,0.591,0.592,0.591,13120,776619.0,0.5968
2025-01-16 11:30:00,0.0,0.592,0.592,0.591,173962,10298393.0,0.5968
2025-01-16 13:01:00,0.0,0.592,0.593,0.591,358895,21245866.0,0.5968
2025-01-16 13:02:00,0.0,0.591,0.592,0.591,23907,1415199.0,0.5968
2025-01-16 13:03:00,0.0,0.592,0.592,0.591,15809,935287.0,0.5968
2025-01-16 13:04:00,0.0,0.591,0.592,0.59,557125,32926093.0,0.5967
2025-01-16 13:05:00,0.0,0.59,0.591,0.59,74094,4375897.0,0.5967
2025-01-16 13:06:00,0.0,0.59,0.591,0.59,24705,1458165.0,0.5967
2025-01-16 13:07:00,0.0,0.589,0.591,0.589,812482,47936276.0,0.5966
2025-01-16 13:08:00,0.0,0.589,0.589,0.588,810101,47710866.0,0.5964
2025-01-16 13:09:00,0.0,0.588,0.589,0.588,338169,19885331.0,0.5964
2025-01-16 13:10:00,0.0,0.589,0.589,0.588,716105,42146493.0,0.5963
2025-01-16 13:11:00,0.0,0.588,0.589,0.588,11977,705071.0,0.5963
2025-01-16 13:12:00,0.0,0.589,0.589,0.588,27610,1624198.0,0.5963
2025-01-16 13:13:00,0.0,0.588,0.589,0.587,492601,28964666.0,0.5962
2025-01-16 13:14:00,0.0,0.588,0.588,0.587,974191,57280929.0,0.596
2025-01-16 13:15:00,0.0,0.589,0.589,0.588,125574,7384630.0,0.596
2025-01-16 13:16:00,0.0,0.588,0.589,0.588,191700,11272344.0,0.596
2025-01-16 13:17:00,0.0,0.588,0.589,0.588,14718,865931.0,0.5959
2025-01-16 13:18:00,0.0,0.589,0.589,0.588,24435,1439141.0,0.5959
2025-01-16 13:19:00,0.0,0.589,0.589,0.588,223325,13153752.0,0.5959
2025-01-16 13:20:00,0.0,0.589,0.59,0.589,262159,15442866.0,0.5959
2025-01-16 13:21:00,0.0,0.589,0.59,0.589,384269,22633852.0,0.5958
2025-01-16 13:22:00,0.0,0.589,0.589,0.588,193052,11370378.0,0.5958
2025-01-16 13:23:00,0.0,0.59,0.59,0.589,17292,1019802.0,0.5958
2025-01-16 13:24:00,0.0,0.59,0.59,0.589,200534,11831204.0,0.5958
2025-01-16 13:25:00,0.0,0.59,0.59,0.589,181539,10710650.0,0.5958
2025-01-16 13:26:00,0.0,0.591,0.591,0.589,720582,42514439.0,0.5957
2025-01-16 13:27:00,0.0,0.59,0.591,0.59,19813,1170413.0,0.5957
2025-01-16 13:28:00,0.0,0.589,0.591,0.589,273443,16133644.0,0.5956
2025-01-16 13:29:00,0.0,0.59,0.591,0.59,57877,3414962.0,0.5956
2025-01-16 13:30:00,0.0,0.589,0.591,0.589,84075,4960203.0,0.5956
2025-01-16 13:31:00,0.0,0.59,0.59,0.589,2763,162896.0,0.5956
2025-01-16 13:32:00,0.0,0.59,0.59,0.589,453913,26780776.0,0.5956
2025-01-16 13:33:00,0.0,0.59,0.591,0.59,15176,895774.0,0.5956
2025-01-16 13:34:00,0.0,0.591,0.591,0.59,6945,410396.0,0.5956
2025-01-16 13:35:00,0.0,0.592,0.592,0.591,527311,31165295.0,0.5955
2025-01-16 13:36:00,0.0,0.592,0.592,0.592,99621,5897483.0,0.5955
2025-01-16 13:37:00,0.0,0.592,0.592,0.592,52017,3079390.0,0.5955
2025-01-16 13:38:00,0.0,0.591,0.592,0.591,356553,21074537.0,0.5955
2025-01-16 13:39:00,0.0,0.59,0.591,0.59,116902,6908371.0,0.5955
2025-01-16 13:40:00,0.0,0.591,0.592,0.59,268811,15886741.0,0.5955
2025-01-16 13:41:00,0.0,0.591,0.592,0.591,272007,16075647.0,0.5954
2025-01-16 13:42:00,0.0,0.592,0.592,0.591,97592,5769813.0,0.5954
2025-01-16 13:43:00,0.0,0.591,0.592,0.591,47323,2798974.0,0.5954
2025-01-16 13:44:00,0.0,0.592,0.592,0.591,181172,10707325.0,0.5954
2025-01-16 13:45:00,0.0,0.59,0.591,0.59,134939,7974677.0,0.5954
2025-01-16 13:46:00,0.0,0.59,0.591,0.59,19152,1130060.0,0.5954
2025-01-16 13:47:00,0.0,0.59,0.59,0.59,50866,3001194.0,0.5954
2025-01-16 13:48:00,0.0,0.59,0.591,0.59,10477,618440.0,0.5954
2025-01-16 13:49:00,0.0,0.591,0.591,0.59,7548,446029.0,0.5954
2025-01-16 13:50:00,0.0,0.59,0.591,0.59,12364,730633.0,0.5954
2025-01-16 13:51:00,0.0,0.591,0.592,0.59,658450,38914399.0,0.5953
2025-01-16 13:52:00,0.0,0.591,0.592,0.591,184482,10902908.0,0.5953
2025-01-16 13:53:00,0.0,0.592,0.592,0.591,34880,2061552.0,0.5953
2025-01-16 13:54:00,0.0,0.592,0.592,0.591,5928,350364.0,0.5953
2025-01-16 13:55:00,0.0,0.591,0.591,0.591,159460,9424086.0,0.5953
2025-01-16 13:56:00,0.0,0.591,0.592,0.591,23342,1379864.0,0.5953
2025-01-16 13:57:00,0.0,0.592,0.593,0.591,556404,32938204.0,0.5953
2025-01-16 13:58:00,0.0,0.592,0.593,0.592,226011,13380087.0,0.5953
2025-01-16 13:59:00,0.0,0.592,0.592,0.591,7713,456072.0,0.5953
2025-01-16 14:00:00,0.0,0.592,0.592,0.591,24849,1469609.0,0.5953
2025-01-16 14:01:00,0.0,0.591,0.592,0.591,2253,133213.0,0.5953
2025-01-16 14:02:00,0.0,0.591,0.592,0.591,3542,209334.0,0.5953
2025-01-16 14:03:00,0.0,0.592,0.592,0.591,137970,8167442.0,0.5952
2025-01-16 14:04:00,0.0,0.592,0.592,0.592,609962,36109739.0,0.5952
2025-01-16 14:05:00,0.0,0.592,0.592,0.591,27106,1604623.0,0.5952
2025-01-16 14:06:00,0.0,0.593,0.593,0.592,197390,11685811.0,0.5952
2025-01-16 14:07:00,0.0,0.592,0.593,0.592,20966,1243253.0,0.5952
2025-01-16 14:08:00,0.0,0.592,0.593,0.592,24512,1453540.0,0.5952
2025-01-16 14:09:00,0.0,0.593,0.594,0.592,633158,37546168.0,0.5952
2025-01-16 14:10:00,0.0,0.594,0.594,0.592,324065,19217602.0,0.5952
2025-01-16 14:11:00,0.0,0.594,0.594,0.593,34708,2061041.0,0.5952
2025-01-16 14:12:00,0.0,0.593,0.594,0.593,68148,4046972.0,0.5952
2025-01-16 14:13:00,0.0,0.593,0.594,0.593,182866,10861629.0,0.5952
2025-01-16 14:14:00,0.0,0.595,0.595,0.594,320473,19036851.0,0.5951
2025-01-16 14:15:00,0.0,0.594,0.595,0.594,25005,1487437.0,0.5951
2025-01-16 14:16:00,0.0,0.594,0.595,0.594,100354,5965571.0,0.5951
2025-01-16 14:17:00,0.0,0.594,0.595,0.594,728670,43283462.0,0.5951
2025-01-16 14:18:00,0.0,0.594,0.594,0.593,36632,2173666.0,0.5951
2025-01-16 14:19:00,0.0,0.593,0.594,0.593,23250,1378833.0,0.5951
2025-01-16 14:20:00,0.0,0.593,0.594,0.593,41756,2476161.0,0.5951
2025-01-16 14:21:00,0.0,0.593,0.594,0.593,34142,2027768.0,0.5951
2025-01-16 14:22:00,0.0,0.594,0.595,0.594,267365,15881750.0,0.5951
2025-01-16 14:23:00,0.0,0.594,0.595,0.594,246319,14631817.0,0.5951
2025-01-16 14:24:00,0.0,0.595,0.595,0.594,255112,15153707.0,0.5951
2025-01-16 14:25:00,0.0,0.595,0.595,0.594,12644,751157.0,0.5951
2025-01-16 14:26:00,0.0,0.594,0.595,0.594,7410,440599.0,0.5951
2025-01-16 14:27:00,0.0,0.595,0.595,0.594,58430,3476399.0,0.5951
2025-01-16 14:28:00,0.0,0.595,0.596,0.594,1056169,62841753.0,0.5951
2025-01-16 14:29:00,0.0,0.595,0.595,0.594,28599,1701378.0,0.5951
2025-01-16 14:30:00,0.0,0.595,0.595,0.594,170789,10161618.0,0.5951
2025-01-16 14:31:00,0.0,0.594,0.595,0.594,4400,261627.0,0.5951
2025-01-16 14:32:00,0.0,0.594,0.595,0.594,12003,713387.0,0.5951
2025-01-16 14:33:00,0.0,0.595,0.595,0.594,18445,1096710.0,0.5951
2025-01-16 14:34:00,0.0,0.594,0.595,0.594,11105,659873.0,0.5951
2025-01-16 14:35:00,0.0,0.594,0.594,0.594,552142,32797241.0,0.5951
2025-01-16 14:36:00,0.0,0.594,0.595,0.593,228407,13567059.0,0.5951
2025-01-16 14:37:00,0.0,0.594,0.595,0.594,166978,9918706.0,0.5951
2025-01-16 14:38:00,0.0,0.594,0.595,0.594,32267,1916684.0,0.5951
2025-01-16 14:39:00,0.0,0.595,0.595,0.594,16790,997439.0,0.5951
2025-01-16 14:40:00,0.0,0.594,0.595,0.594,207814,12344294.0,0.5951
2025-01-16 14:41:00,0.0,0.594,0.595,0.593,223016,13247376.0,0.5951
2025-01-16 14:42:00,0.0,0.594,0.594,0.593,245071,14557080.0,0.5951
2025-01-16 14:43:00,0.0,0.594,0.595,0.594,26276,1560821.0,0.5951
2025-01-16 14:44:00,0.0,0.594,0.595,0.594,32083,1905936.0,0.5951
2025-01-16 14:45:00,0.0,0.595,0.595,0.594,28538,1695359.0,0.5951
2025-01-16 14:46:00,0.0,0.594,0.595,0.594,49561,2944098.0,0.5951
2025-01-16 14:47:00,0.0,0.594,0.595,0.594,51168,3042722.0,0.5951
2025-01-16 14:48:00,0.0,0.595,0.595,0.594,73687,4378355.0,0.5951
2025-01-16 14:49:00,0.0,0.595,0.595,0.594,19324,1148144.0,0.5951
2025-01-16 14:50:00,0.0,0.594,0.595,0.594,84090,4996046.0,0.5951
2025-01-16 14:51:00,0.0,0.594,0.595,0.594,45778,2720463.0,0.5951
2025-01-16 14:52:00,0.0,0.594,0.595,0.594,179595,10669927.0,0.5951
2025-01-16 14:53:00,0.0,0.594,0.595,0.594,414620,24630518.0,0.5951
2025-01-16 14:54:00,0.0,0.594,0.594,0.593,47704,2832770.0,0.5951
2025-01-16 14:55:00,0.0,0.594,0.594,0.593,34300,2035749.0,0.5951
2025-01-16 14:56:00,0.0,0.594,0.594,0.593,139554,8286270.0,0.5951
2025-01-16 14:57:00,0.0,0.594,0.594,0.593,77358,4592178.0,0.5951
2025-01-16 14:58:00,0.0,0.594,0.594,0.593,58850,3492363.0,0.5951
2025-01-16 14:59:00,0.0,0.594,0.594,0.593,51686,3066766.0,0.5951
2025-01-16 15:00:00,0.0,0.594,0.594,0.593,166952,9914265.0,0.5951
2025-01-17 09:30:00,0.593,0.593,0.593,0.593,149857,8886520.0,0.593
2025-01-17 09:31:00,0.593,0.593,0.594,0.592,318917,18911991.0,0.593
2025-01-17 09:32:00,0.593,0.591,0.593,0.591,359729,21295507.0,0.5926
2025-01-17 09:33:00,0.592,0.592,0.592,0.591,79534,4705975.0,0.5925
2025-01-17 09:34:00,0.592,0.593,0.593,0.592,237357,14052660.0,0.5924
2025-01-17 09:35:00,0.593,0.592,0.593,0.592,53011,3140212.0,0.5924
2025-01-17 09:36:00,0.593,0.593,0.593,0.592,207586,12290559.0,0.5923
2025-01-17 09:37:00,0.592,0.592,0.593,0.592,106992,6339999.0,0.5924
2025-01-17 09:38:00,0.593,0.593,0.594,0.593,433325,25699168.0,0.5925
2025-01-17 09:39:00,0.593,0.592,0.593,0.592,151639,8989097.0,0.5925
2025-01-17 09:40:00,0.592,0.591,0.593,0.591,296383,17545570.0,0.5925
2025-01-17 09:41:00,0.592,0.591,0.592,0.591,31648,1871488.0,0.5925
2025-01-17 09:42:00,0.591,0.591,0.592,0.591,66670,3940373.0,0.5924
2025-01-17 09:43:00,0.592,0.59,0.592,0.59,393229,23238486.0,0.5922
2025-01-17 09:44:00,0.591,0.592,0.592,0.59,156337,9240549.0,0.5922
2025-01-17 09:45:00,0.591,0.593,0.593,0.591,369669,21885426.0,0.5921
2025-01-17 09:46:00,0.593,0.592,0.593,0.592,189404,11213775.0,0.5921
2025-01-17 09:47:00,0.592,0.593,0.593,0.592,161182,9542543.0,0.5921
2025-01-17 09:48:00,0.593,0.593,0.593,0.592,4496,266295.0,0.5921
2025-01-17 09:49:00,0.592,0.592,0.593,0.591,308511,18269156.0,0.5921
2025-01-17 09:50:00,0.592,0.594,0.594,0.592,323605,19185310.0,0.5922
2025-01-17 09:51:00,0.594,0.595,0.595,0.593,701129,41648227.0,0.5924
2025-01-17 09:52:00,0.595,0.594,0.595,0.594,401076,23830368.0,0.5926
2025-01-17 09:53:00,0.595,0.594,0.595,0.594,20967,1246047.0,0.5926
2025-01-17 09:54:00,0.595,0.596,0.596,0.595,729217,43389019.0,0.5929
2025-01-17 09:55:00,0.595,0.594,0.596,0.594,365031,21719648.0,0.593
2025-01-17 09:56:00,0.595,0.594,0.595,0.593,311630,18510923.0,0.593
2025-01-17 09:57:00,0.594,0.594,0.595,0.593,437037,25959898.0,0.5931
2025-01-17 09:58:00,0.594,0.595,0.595,0.594,259405,15408906.0,0.5931
2025-01-17 09:59:00,0.595,0.594,0.595,0.593,163265,9697831.0,0.5931
2025-01-17 10:00:00,0.594,0.593,0.594,0.593,225859,13395398.0,0.5931
2025-01-17 10:01:00,0.593,0.594,0.594,0.593,695001,41263416.0,0.5932
2025-01-17 10:02:00,0.594,0.593,0.594,0.593,8529,506565.0,0.5932
2025-01-17 10:03:00,0.593,0.594,0.594,0.593,14452,857943.0,0.5932
2025-01-17 10:04:00,0.594,0.596,0.596,0.594,474470,28212516.0,0.5933
2025-01-17 10:05:00,0.596,0.597,0.597,0.595,554221,33031531.0,0.5934
2025-01-17 10:06:00,0.597,0.597,0.598,0.597,683181,40794275.0,0.5937
2025-01-17 10:07:00,0.597,0.597,0.597,0.596,405687,24218810.0,0.5938
2025-01-17 10:08:00,0.597,0.595,0.597,0.595,363518,21668125.0,0.5939
2025-01-17 10:09:00,0.595,0.596,0.597,0.595,188525,11235131.0,0.5939
2025-01-17 10:10:00,0.596,0.596,0.597,0.596,234487,13976244.0,0.5939
2025-01-17 10:11:00,0.596,0.596,0.596,0.596,305067,18182137.0,0.594
2025-01-17 10:12:00,0.596,0.596,0.597,0.596,58289,3474640.0,0.594
2025-01-17 10:13:00,0.596,0.596,0.597,0.596,272520,16242381.0,0.594
2025-01-17 10:14:00,0.596,0.597,0.597,0.596,41057,2449464.0,0.594
2025-01-17 10:15:00,0.596,0.597,0.597,0.596,338086,20184600.0,0.5941
2025-01-17 10:16:00,0.598,0.597,0.598,0.596,420790,25121963.0,0.5942
2025-01-17 10:17:00,0.597,0.596,0.597,0.596,111924,6680042.0,0.5942
2025-01-17 10:18:00,0.596,0.598,0.598,0.596,528532,31553293.0,0.5943
2025-01-17 10:19:00,0.597,0.597,0.597,0.596,170032,10150791.0,0.5944
2025-01-17 10:20:00,0.597,0.597,0.598,0.597,323315,19302058.0,0.5944
2025-01-17 10:21:00,0.597,0.597,0.598,0.597,198224,11834033.0,0.5945
2025-01-17 10:22:00,0.597,0.597,0.598,0.596,182479,10898425.0,0.5945
2025-01-17 10:23:00,0.597,0.598,0.598,0.596,154166,9207465.0,0.5945
2025-01-17 10:24:00,0.597,0.597,0.598,0.596,163567,9764812.0,0.5946
2025-01-17 10:25:00,0.596,0.597,0.597,0.596,174603,10422591.0,0.5946
2025-01-17 10:26:00,0.596,0.596,0.597,0.595,416892,24850657.0,0.5946
2025-01-17 10:27:00,0.595,0.596,0.596,0.595,7771,462489.0,0.5946
2025-01-17 10:28:00,0.595,0.596,0.596,0.595,11030,656515.0,0.5946
2025-01-17 10:29:00,0.596,0.594,0.596,0.594,290088,17260192.0,0.5946
2025-01-17 10:30:00,0.594,0.595,0.595,0.594,14988,890449.0,0.5946
2025-01-17 10:31:00,0.595,0.594,0.595,0.594,61876,3675502.0,0.5946
2025-01-17 10:32:00,0.594,0.594,0.595,0.594,8908,529260.0,0.5946
2025-01-17 10:33:00,0.594,0.594,0.595,0.594,8826,524384.0,0.5946
2025-01-17 10:34:00,0.594,0.595,0.595,0.594,22234,1322737.0,0.5946
2025-01-17 10:35:00,0.595,0.595,0.595,0.594,5300,315196.0,0.5946
2025-01-17 10:36:00,0.595,0.595,0.595,0.594,283821,16887161.0,0.5946
2025-01-17 10:37:00,0.595,0.595,0.595,0.594,12679,754171.0,0.5946
2025-01-17 10:38:00,0.594,0.594,0.594,0.594,530658,31521171.0,0.5946
2025-01-17 10:39:00,0.594,0.593,0.594,0.593,209960,12471160.0,0.5946
2025-01-17 10:40:00,0.593,0.595,0.595,0.593,196814,11691247.0,0.5946
2025-01-17 10:41:00,0.595,0.594,0.595,0.594,333457,19807438.0,0.5946
2025-01-17 10:42:00,0.594,0.594,0.594,0.593,218465,12976821.0,0.5946
2025-01-17 10:43:00,0.594,0.594,0.595,0.594,142157,8444627.0,0.5946
2025-01-17 10:44:00,0.594,0.594,0.595,0.594,2638,156704.0,0.5946
2025-01-17 10:45:00,0.594,0.594,0.595,0.594,155771,9252833.0,0.5946
2025-01-17 10:46:00,0.594,0.594,0.594,0.593,207687,12336543.0,0.5946
2025-01-17 10:47:00,0.594,0.595,0.595,0.594,43135,2563462.0,0.5946
2025-01-17 10:48:00,0.595,0.595,0.595,0.594,53874,3205484.0,0.5946
2025-01-17 10:49:00,0.595,0.595,0.595,0.594,9507,565609.0,0.5946
2025-01-17 10:50:00,0.595,0.594,0.595,0.594,1094,65092.0,0.5946
2025-01-17 10:51:00,0.594,0.594,0.594,0.594,22237,1320878.0,0.5946
2025-01-17 10:52:00,0.595,0.595,0.595,0.594,44972,2675756.0,0.5946
2025-01-17 10:53:00,0.595,0.595,0.596,0.594,574838,34202831.0,0.5946
2025-01-17 10:54:00,0.595,0.596,0.596,0.595,186660,11106312.0,0.5946
2025-01-17 10:55:00,0.595,0.596,0.596,0.595,2796,166522.0,0.5946
2025-01-17 10:56:00,0.595,0.595,0.596,0.595,182011,10829661.0,0.5946
2025-01-17 10:57:00,0.595,0.595,0.595,0.595,72203,4296082.0,0.5946
2025-01-17 10:58:00,0.595,0.595,0.596,0.595,62735,3732824.0,0.5946
2025-01-17 10:59:00,0.595,0.595,0.595,0.594,1488,88425.0,0.5946
2025-01-17 11:00:00,0.595,0.593,0.595,0.593,386214,22940964.0,0.5946
2025-01-17 11:01:00,0.594,0.594,0.594,0.593,5982,354739.0,0.5946
2025-01-17 11:02:00,0.593,0.594,0.594,0.593,17618,1044765.0,0.5946
2025-01-17 11:03:00,0.593,0.593,0.594,0.593,47065,2790964.0,0.5946
2025-01-17 11:04:00,0.593,0.595,0.595,0.593,147911,8785925.0,0.5946
2025-01-17 11:05:00,0.595,0.594,0.595,0.594,201013,11942148.0,0.5946
2025-01-17 11:06:00,0.593,0.594,0.595,0.593,65114,3867793.0,0.5946
2025-01-17 11:07:00,0.594,0.595,0.595,0.594,270876,16090050.0,0.5946
2025-01-17 11:08:00,0.595,0.594,0.595,0.594,15990,951061.0,0.5946
2025-01-17 11:09:00,0.594,0.595,0.595,0.594,20515,1219605.0,0.5946
2025-01-17 11:10:00,0.594,0.595,0.595,0.594,126665,7536552.0,0.5946
2025-01-17 11:11:00,0.595,0.596,0.596,0.595,184903,11002209.0,0.5946
2025-01-17 11:12:00,0.596,0.595,0.596,0.595,36504,2172834.0,0.5946
2025-01-17 11:13:00,0.595,0.595,0.596,0.595,118593,7056571.0,0.5946
2025-01-17 11:14:00,0.595,0.595,0.596,0.594,190467,11332955.0,0.5946
2025-01-17 11:15:00,0.595,0.595,0.596,0.594,18816,1119586.0,0.5946
2025-01-17 11:16:00,0.595,0.595,0.595,0.595,11501,684310.0,0.5946
2025-01-17 11:17:00,0.595,0.595,0.595,0.594,221916,13203953.0,0.5946
2025-01-17 11:18:00,0.595,0.595,0.595,0.595,97459,5798810.0,0.5946
2025-01-17 11:19:00,0.595,0.595,0.596,0.595,91120,5421834.0,0.5946
2025-01-17 11:20:00,0.595,0.596,0.596,0.595,119503,7110545.0,0.5946
2025-01-17 11:21:00,0.596,0.596,0.596,0.595,9454,563344.0,0.5946
2025-01-17 11:22:00,0.596,0.596,0.597,0.596,527965,31466934.0,0.5946
2025-01-17 11:23:00,0.597,0.596,0.597,0.596,14385,857916.0,0.5946
2025-01-17 11:24:00,0.596,0.596,0.597,0.596,13113,781594.0,0.5946
2025-01-17 11:25:00,0.596,0.597,0.597,0.596,4426,263878.0,0.5946
2025-01-17 11:26:00,0.597,0.597,0.598,0.596,673132,40186343.0,0.5947
2025-01-17 11:27:00,0.598,0.597,0.598,0.597,10549,630513.0,0.5947
2025-01-17 11:28:00,0.597,0.598,0.598,0.597,18035,1078171.0,0.5947
2025-01-17 11:29:00,0.597,0.598,0.599,0.597,637535,38125073.0,0.5948
2025-01-17 11:30:00,0.598,0.6,0.6,0.598,494854,29652925.0,0.5949
2025-01-17 13:01:00,0.601,0.599,0.602,0.599,2382170,143013092.0,0.5954
2025-01-17 13:02:00,0.599,0.599,0.6,0.598,382962,22938193.0,0.5954
2025-01-17 13:03:00,0.598,0.598,0.599,0.598,68088,4073941.0,0.5954
2025-01-17 13:04:00,0.598,0.598,0.599,0.597,241792,14465615.0,0.5954
2025-01-17 13:05:00,0.598,0.598,0.599,0.598,401412,24004693.0,0.5955
2025-01-17 13:06:00,0.599,0.598,0.6,0.598,677310,40570791.0,0.5956
2025-01-17 13:07:00,0.599,0.599,0.6,0.598,424597,25435828.0,0.5956
2025-01-17 13:08:00,0.6,0.6,0.6,0.599,55844,3350221.0,0.5956
2025-01-17 13:09:00,0.599,0.599,0.6,0.598,521843,31258594.0,0.5957
2025-01-17 13:10:00,0.599,0.598,0.599,0.598,87340,5230566.0,0.5957
2025-01-17 13:11:00,0.598,0.599,0.599,0.598,33359,1994951.0,0.5957
2025-01-17 13:12:00,0.598,0.598,0.599,0.598,7218,431930.0,0.5957
2025-01-17 13:13:00,0.598,0.599,0.599,0.598,175762,10527365.0,0.5957
2025-01-17 13:14:00,0.599,0.599,0.599,0.598,240054,14378915.0,0.5957
2025-01-17 13:15:00,0.599,0.599,0.599,0.598,10648,637038.0,0.5957
2025-01-17 13:16:00,0.599,0.598,0.599,0.598,10576,632825.0,0.5957
2025-01-17 13:17:00,0.598,0.6,0.6,0.598,467532,28005072.0,0.5958
2025-01-17 13:18:00,0.599,0.6,0.6,0.599,43151,2588877.0,0.5958
2025-01-17 13:19:00,0.599,0.6,0.6,0.599,761179,45670535.0,0.5959
2025-01-17 13:20:00,0.601,0.601,0.601,0.6,67811,4075026.0,0.5959
2025-01-17 13:21:00,0.601,0.599,0.601,0.599,256443,15385961.0,0.596
2025-01-17 13:22:00,0.599,0.6,0.6,0.599,171129,10267060.0,0.596
2025-01-17 13:23:00,0.6,0.6,0.601,0.599,209108,12546003.0,0.596
2025-01-17 13:24:00,0.6,0.601,0.601,0.6,508000,30530446.0,0.5961
2025-01-17 13:25:00,0.601,0.6,0.601,0.6,34535,2075287.0,0.5961
2025-01-17 13:26:00,0.6,0.601,0.601,0.6,20564,1235353.0,0.5961
2025-01-17 13:27:00,0.601,0.601,0.601,0.6,437224,26275957.0,0.5961
2025-01-17 13:28:00,0.601,0.601,0.601,0.6,235344,14143829.0,0.5962
2025-01-17 13:29:00,0.6,0.601,0.601,0.6,45502,2732948.0,0.5962
2025-01-17 13:30:00,0.601,0.599,0.601,0.599,586140,35168915.0,0.5963
2025-01-17 13:31:00,0.599,0.6,0.601,0.599,340598,20435206.0,0.5963
2025-01-17 13:32:00,0.6,0.6,0.601,0.6,52440,3147720.0,0.5963
2025-01-17 13:33:00,0.6,0.6,0.601,0.6,80013,4803652.0,0.5963
2025-01-17 13:34:00,0.6,0.6,0.601,0.6,175925,10567465.0,0.5963
2025-01-17 13:35:00,0.6,0.601,0.602,0.6,411683,24742014.0,0.5964
2025-01-17 13:36:00,0.602,0.601,0.602,0.601,325385,19557276.0,0.5964
2025-01-17 13:37:00,0.601,0.601,0.602,0.601,56146,3374518.0,0.5964
2025-01-17 13:38:00,0.601,0.601,0.601,0.6,153263,9209982.0,0.5965
2025-01-17 13:39:00,0.6,0.6,0.601,0.6,30589,1835511.0,0.5965
2025-01-17 13:40:00,0.6,0.6,0.601,0.6,73926,4435634.0,0.5965
2025-01-17 13:41:00,0.6,0.6,0.601,0.599,197766,11865182.0,0.5965
2025-01-17 13:42:00,0.599,0.599,0.6,0.599,59132,3542033.0,0.5965
2025-01-17 13:43:00,0.599,0.599,0.6,0.599,37277,2232956.0,0.5965
2025-01-17 13:44:00,0.599,0.598,0.6,0.598,634569,38010372.0,0.5965
2025-01-17 13:45:00,0.599,0.598,0.599,0.598,172880,10338290.0,0.5965
2025-01-17 13:46:00,0.598,0.598,0.599,0.598,355452,21256051.0,0.5966
2025-01-17 13:47:00,0.598,0.599,0.599,0.598,8418,503731.0,0.5966
2025-01-17 13:48:00,0.599,0.598,0.599,0.598,11149,667038.0,0.5966
2025-01-17 13:49:00,0.598,0.599,0.599,0.598,28778,1722374.0,0.5966
2025-01-17 13:50:00,0.599,0.598,0.599,0.598,33137,1983412.0,0.5966
2025-01-17 13:51:00,0.598,0.598,0.599,0.598,7462,446272.0,0.5966
2025-01-17 13:52:00,0.598,0.598,0.598,0.598,14214,850012.0,0.5966
2025-01-17 13:53:00,0.598,0.599,0.6,0.598,725080,43431883.0,0.5966
2025-01-17 13:54:00,0.599,0.6,0.6,0.599,4357,261258.0,0.5966
2025-01-17 13:55:00,0.599,0.6,0.6,0.599,25940,1554385.0,0.5966
2025-01-17 13:56:00,0.599,0.599,0.6,0.599,9622,576810.0,0.5966
2025-01-17 13:57:00,0.599,0.6,0.6,0.599,117821,7068572.0,0.5966
2025-01-17 13:58:00,0.6,0.6,0.6,0.599,344937,20695170.0,0.5967
2025-01-17 13:59:00,0.6,0.6,0.6,0.599,36467,2187347.0,0.5967
2025-01-17 14:00:00,0.6,0.6,0.601,0.599,122122,7326738.0,0.5967
2025-01-17 14:01:00,0.6,0.601,0.601,0.6,22212,1333104.0,0.5967
2025-01-17 14:02:00,0.601,0.599,0.601,0.599,267432,16045857.0,0.5967
2025-01-17 14:03:00,0.599,0.599,0.6,0.599,15751,943509.0,0.5967
2025-01-17 14:04:00,0.6,0.6,0.601,0.599,121551,7292936.0,0.5967
2025-01-17 14:05:00,0.601,0.601,0.601,0.6,9183,551300.0,0.5967
2025-01-17 14:06:00,0.601,0.601,0.601,0.6,22401,1345743.0,0.5967
2025-01-17 14:07:00,0.601,0.601,0.602,0.601,883784,53116050.0,0.5968
2025-01-17 14:08:00,0.601,0.601,0.602,0.601,107990,6490538.0,0.5968
2025-01-17 14:09:00,0.601,0.601,0.601,0.601,508139,30539159.0,0.5969
2025-01-17 14:10:00,0.601,0.602,0.602,0.601,135381,8136600.0,0.5969
2025-01-17 14:11:00,0.602,0.601,0.602,0.601,43381,2607220.0,0.5969
2025-01-17 14:12:00,0.601,0.601,0.601,0.6,263850,15857161.0,0.5969
2025-01-17 14:13:00,0.601,0.602,0.602,0.601,305901,18384617.0,0.5969
2025-01-17 14:14:00,0.601,0.601,0.602,0.601,27563,1656551.0,0.5969
2025-01-17 14:15:00,0.601,0.601,0.602,0.601,24835,1492944.0,0.5969
2025-01-17 14:16:00,0.601,0.6,0.601,0.6,113087,6797015.0,0.597
2025-01-17 14:17:00,0.6,0.6,0.601,0.6,111362,6693504.0,0.597
2025-01-17 14:18:00,0.6,0.601,0.601,0.6,56740,3409973.0,0.597
2025-01-17 14:19:00,0.601,0.601,0.602,0.601,110737,6655225.0,0.597
2025-01-17 14:20:00,0.601,0.6,0.601,0.6,38718,2324666.0,0.597
2025-01-17 14:21:00,0.601,0.601,0.601,0.6,21012,1262617.0,0.597
2025-01-17 14:22:00,0.601,0.601,0.601,0.6,79641,4784214.0,0.597
2025-01-17 14:23:00,0.601,0.6,0.601,0.6,25547,1534301.0,0.597
2025-01-17 14:24:00,0.601,0.601,0.601,0.6,45946,2758678.0,0.597
2025-01-17 14:25:00,0.601,0.601,0.601,0.6,30123,1810020.0,0.597
2025-01-17 14:26:00,0.601,0.601,0.601,0.6,12423,746067.0,0.597
2025-01-17 14:27:00,0.601,0.6,0.601,0.6,22589,1355886.0,0.597
2025-01-17 14:28:00,0.601,0.6,0.601,0.6,39753,2385867.0,0.597
2025-01-17 14:29:00,0.6,0.6,0.601,0.6,30909,1855219.0,0.597
2025-01-17 14:30:00,0.601,0.601,0.601,0.6,31021,1861849.0,0.597
2025-01-17 14:31:00,0.601,0.601,0.601,0.6,18988,1140052.0,0.597
2025-01-17 14:32:00,0.601,0.6,0.601,0.6,14182,852051.0,0.597
2025-01-17 14:33:00,0.601,0.601,0.601,0.6,14870,893097.0,0.597
2025-01-17 14:34:00,0.601,0.6,0.601,0.6,45287,2718193.0,0.597
2025-01-17 14:35:00,0.601,0.6,0.601,0.6,29650,1779843.0,0.597
2025-01-17 14:36:00,0.601,0.601,0.601,0.6,48499,2910652.0,0.597
2025-01-17 14:37:00,0.6,0.6,0.6,0.599,429170,25748823.0,0.5971
2025-01-17 14:38:00,0.599,0.6,0.6,0.599,344523,20670767.0,0.5971
2025-01-17 14:39:00,0.6,0.6,0.6,0.599,255316,15318237.0,0.5971
2025-01-17 14:40:00,0.6,0.6,0.601,0.6,11154,669649.0,0.5971
2025-01-17 14:41:00,0.6,0.6,0.6,0.6,10748,645190.0,0.5971
2025-01-17 14:42:00,0.6,0.6,0.601,0.6,10508,630499.0,0.5971
2025-01-17 14:43:00,0.6,0.6,0.6,0.6,14006,840383.0,0.5971
2025-01-17 14:44:00,0.6,0.6,0.601,0.6,28349,1701122.0,0.5971
2025-01-17 14:45:00,0.601,0.6,0.601,0.6,34588,2075915.0,0.5971
2025-01-17 14:46:00,0.6,0.599,0.6,0.599,458778,27526676.0,0.5971
2025-01-17 14:47:00,0.6,0.6,0.6,0.599,15663,938873.0,0.5971
2025-01-17 14:48:00,0.6,0.6,0.6,0.599,184847,11090847.0,0.5971
2025-01-17 14:49:00,0.6,0.6,0.601,0.6,23976,1438849.0,0.5972
2025-01-17 14:50:00,0.601,0.6,0.601,0.6,19995,1200273.0,0.5972
2025-01-17 14:51:00,0.601,0.601,0.601,0.6,17158,1030177.0,0.5972
2025-01-17 14:52:00,0.6,0.6,0.601,0.6,18717,1123820.0,0.5972
2025-01-17 14:53:00,0.601,0.6,0.601,0.6,17563,1054879.0,0.5972
2025-01-17 14:54:00,0.6,0.6,0.601,0.6,46051,2765417.0,0.5972
2025-01-17 14:55:00,0.6,0.6,0.601,0.6,108576,6523887.0,0.5972
2025-01-17 14:56:00,0.601,0.601,0.601,0.6,63786,3831315.0,0.5972
2025-01-17 14:57:00,0.601,0.601,0.601,0.6,123926,7444156.0,0.5972
2025-01-17 14:58:00,0.601,0.601,0.601,0.6,34787,2089233.0,0.5972
2025-01-17 14:59:00,0.601,0.6,0.601,0.6,98714,5929246.0,0.5972
2025-01-17 15:00:00,0.6,0.601,0.601,0.6,244042,14660581.0,0.5972
